Nt,J,lr,loss_mean,loss_std,FPR,TPR,price_mean,price_std,alg,recall,precision,f_beta,acc_term,theta
1,3,5,0.1071,0.025598632776,0.0625851680977,0.989586627149,16.2142,0.516461770124,SM-runs,0.989586627149,0.971177161366,0.986460707756,0.05,0.3
1,3,5,0.2647,0.0446543390949,0.06459344964,0.983099221748,25.6403,0.574842595847,SM-runs,0.983099221748,0.782281430892,0.942590764508,0.05,0.8
1,3,5,0.551,0.25048033855,0.0177247111987,0.236349730185,8.8423,6.91946028314,SM-runs,0.236349730185,0.89521961287,0.243283476689,-0.05,0.3
1,3,5,0.2526,0.0172696265159,0.0166100311079,0.0419915973715,5.4235,0.0120519707932,SM-runs,0.0419915973715,0.38228567861,0.0492585084196,-0.05,0.8
1,3,5,0.2215,0.0485206141758,0.136209296014,0.980650118079,13.0246,0.419775940235,SM-runs,0.980650118079,0.942509168872,0.974052633696,0.1,0.3
1,3,5,0.5332,0.0641884724853,0.13109549003,0.978182649217,20.4885,0.518659088419,SM-runs,0.978182649217,0.64135862633,0.898910841052,0.1,0.8
1,3,5,0.6939,0.0184740358341,0.0189126586129,0.0442666869718,5.3965,0.0155,SM-runs,0.0442666869718,0.842099684824,0.0525641876709,-0.1,0.3
1,3,5,0.2315,0.0572996509588,0.0165798743989,0.135288885081,9.5346,12.2938130147,SM-runs,0.135288885081,0.427346202888,0.140740141608,-0.1,0.8
1,3,5,0.3419,0.301953787855,0.0436627286276,0.611720110016,13.5771,6.94641462123,SM-runs,0.611720110016,0.911061671186,0.613053287835,random,0.3
1,3,5,0.2473,0.139510608916,0.0507532380552,0.797950371882,27.3874,12.3240813142,SM-runs,0.797950371882,0.729605152142,0.77070594076,random,0.8
1,3,5,0.1534,0.0650341448779,0.0942418672682,0.982246748793,14.0837,2.73992306644,SM-runs,0.982246748793,0.960800484157,0.97857516854,None,0.3
1,3,5,0.3174,0.0359032031997,0.0778880440624,0.982507417213,25.5451,1.11458175564,SM-runs,0.982507417213,0.751790972832,0.934574140875,None,0.8
1,5,5,0.1022,0.0297818736818,0.0582802327862,0.983798976923,17.0825,0.753997911138,SM-runs,0.983798976923,0.973837058524,0.982114110091,0.05,0.3
1,5,5,0.263,0.0663957829986,0.0639073589915,0.976546725126,25.7048,0.648452126221,SM-runs,0.976546725126,0.784412548507,0.937847390571,0.05,0.8
1,5,5,0.6785,0.00792779919019,0.00916631330634,0.0471577849048,5.797,0.0179164728672,SM-runs,0.0471577849048,0.920721652917,0.0560094757734,-0.05,0.3
1,5,5,0.2241,0.020186381548,0.0095751196872,0.0518113218341,5.814,0.0135646599663,SM-runs,0.0518113218341,0.571034637877,0.0610225749907,-0.05,0.8
1,5,5,0.2195,0.0383907540952,0.136438375891,0.98068458844,13.5614,0.501615829096,SM-runs,0.98068458844,0.943281409118,0.974226569259,0.1,0.3
1,5,5,0.5377,0.0708266192896,0.133184107499,0.974003194759,20.6899,0.440770563899,SM-runs,0.974003194759,0.647290367658,0.898075288008,0.1,0.8
1,5,5,0.6754,0.0154025971836,0.0112372215959,0.0474693550802,5.7935,0.0176139149538,SM-runs,0.0474693550802,0.900963427484,0.0563650082958,-0.1,0.3
1,5,5,0.2299,0.0248171311799,0.0125422373715,0.0461917625865,5.817,0.0208806130178,SM-runs,0.0461917625865,0.473548207689,0.0543426720871,-0.1,0.8
1,5,5,0.3268,0.270803545028,0.0437770539497,0.614358971307,13.2853,6.51344500322,SM-runs,0.614358971307,0.946797053612,0.61635519492,random,0.3
1,5,5,0.2473,0.11366094316,0.0472403749165,0.707768219557,24.0997,13.149936274,SM-runs,0.707768219557,0.711193967768,0.682432116194,random,0.8
1,5,5,0.0955,0.0296217825257,0.0567712915365,0.987674713094,18.2048,2.33978425501,SM-runs,0.987674713094,0.97525487111,0.985572417113,None,0.3
1,5,5,0.1747,0.0362685814446,0.0333512997301,0.800094213328,25.4349,10.1727666389,SM-runs,0.800094213328,0.795409509195,0.781167869709,None,0.8
2,3,5,0.0932,0.0244409492451,0.0533466931233,0.984560382547,9.9858,0.240334683306,SM-runs,0.984560382547,0.97632917839,0.983166685724,0.05,0.3
2,3,5,0.2527,0.0453564769355,0.0621815684981,0.986340691397,14.8897,0.317946237594,SM-runs,0.986340691397,0.795333489602,0.948071134066,0.05,0.8
2,3,5,0.0349,0.0127314571044,0.0183371934228,0.990745083666,14.4104,0.458485594103,SM-runs,0.990745083666,0.99173011419,0.990905468386,-0.05,0.3
2,3,5,0.0888,0.0206581702965,0.0215192732186,0.986022640441,22.3765,0.590956555087,SM-runs,0.986022640441,0.919870416607,0.974276242659,-0.05,0.8
2,3,5,0.299,0.0476571085988,0.180879390258,0.973907445901,7.3847,0.131032858475,SM-runs,0.973907445901,0.922802224982,0.964969434434,0.1,0.3
2,3,5,0.7898,0.0795233299102,0.19381922537,0.964538275608,10.5799,0.217883661618,SM-runs,0.964538275608,0.542260514092,0.853431684899,0.1,0.8
2,3,5,0.6744,0.0234401365184,0.0142738776576,0.0466700030162,5.4065,0.0102591422643,SM-runs,0.0466700030162,0.877602167196,0.0554126113369,-0.1,0.3
2,3,5,0.2273,0.0219592804982,0.0113485217937,0.0434952549608,5.443,0.0212367605816,SM-runs,0.0434952549608,0.485845683048,0.0512210783267,-0.1,0.8
2,3,5,0.1968,0.179323060424,0.0793122465328,0.890262346804,11.2785,2.96926543946,SM-runs,0.890262346804,0.952035541783,0.887750716454,random,0.3
2,3,5,0.277,0.138638378525,0.0680578765849,0.984391295871,19.2768,3.59924372056,SM-runs,0.984391295871,0.78630370587,0.943000503611,random,0.8
2,3,5,0.0852,0.0282870995332,0.0492860554383,0.988851518019,11.2568,1.35384192578,SM-runs,0.988851518019,0.977680588218,0.986959002168,None,0.3
2,3,5,0.1907,0.098109173883,0.0463141242553,0.988282397452,17.3454,2.17891446367,SM-runs,0.988282397452,0.83635978611,0.958009951296,None,0.8
2,5,5,0.0988,0.0193380454028,0.0595128085425,0.986766107669,10.3859,0.292124784981,SM-runs,0.986766107669,0.974730995432,0.984729330712,0.05,0.3
2,5,5,0.2193,0.0311321377358,0.0535505664404,0.978091068314,15.2572,0.369187432072,SM-runs,0.978091068314,0.817567232224,0.946999292769,0.05,0.8
2,5,5,0.0379,0.00681835757349,0.0211513409579,0.991541822057,14.6195,0.334676336182,SM-runs,0.991541822057,0.990823266588,0.991420799586,-0.05,0.3
2,5,5,0.0722,0.0184651022201,0.0173895631218,0.988659968977,22.8293,0.475604257761,SM-runs,0.988659968977,0.932278647807,0.9787368174,-0.05,0.8
2,5,5,0.2866,0.053231945296,0.175172449323,0.971756050031,7.7669,0.212340033908,SM-runs,0.971756050031,0.926844187592,0.963947035964,0.1,0.3
2,5,5,0.751,0.0972995375117,0.185302096194,0.957497786397,11.0322,0.302989042706,SM-runs,0.957497786397,0.563094231276,0.856670376917,0.1,0.8
2,5,5,0.5365,0.26221641825,0.00549071477591,0.235073375537,8.0867,4.54265052695,SM-runs,0.235073375537,0.957983128822,0.242227991847,-0.1,0.3
2,5,5,0.207,0.0220090890316,0.00546856997376,0.0522097357205,5.8295,0.0165,SM-runs,0.0522097357205,0.681082251082,0.0616654980048,-0.1,0.8
2,5,5,0.1037,0.0766642680784,0.0609771563798,0.988772538745,12.3948,2.24532241783,SM-runs,0.988772538745,0.972736851333,0.986024909873,random,0.3
2,5,5,0.3165,0.23261395057,0.0778816920067,0.979845595677,19.2291,3.96593324326,SM-runs,0.979845595677,0.777337417777,0.934954803942,random,0.8
2,5,5,0.0861,0.0467855746999,0.0506852137363,0.988992792701,11.3287,1.11393770472,SM-runs,0.988992792701,0.97762970628,0.987064174925,None,0.3
2,5,5,0.1153,0.0486272557317,0.0279678947603,0.98544825439,20.6171,2.53996690726,SM-runs,0.98544825439,0.896286887748,0.969154204028,None,0.8
3,3,5,0.1943,0.0427856284282,0.115447414749,0.97986765098,7.1083,0.225702038094,SM-runs,0.97986765098,0.949181727008,0.974598503973,0.05,0.3
3,3,5,0.5052,0.0649935381403,0.12426126703,0.968564608933,10.0257,0.197156815758,SM-runs,0.968564608933,0.657478353259,0.89740505834,0.05,0.8
3,3,5,0.0478,0.025388186229,0.0278835838101,0.992348626467,10.5596,0.32649508419,SM-runs,0.992348626467,0.987866777886,0.991590644623,-0.05,0.3
3,3,5,0.1033,0.025424594392,0.0251681621226,0.988359079531,16.9973,0.349002593114,SM-runs,0.988359079531,0.906089413904,0.973555375129,-0.05,0.8
3,3,5,0.2606,0.0447083884746,0.154671114547,0.969452894427,5.9676,0.0983638144848,SM-runs,0.969452894427,0.933254773725,0.96320690358,0.1,0.3
3,3,5,0.6009,0.0858492283017,0.147949956028,0.960124742119,7.8682,0.153145551682,SM-runs,0.960124742119,0.61743885571,0.878391561701,0.1,0.8
3,3,5,0.0235,0.00922225568936,0.0123493330569,0.994152935235,12.693,0.408545468706,SM-runs,0.994152935235,0.994300123014,0.994175657147,-0.1,0.3
3,3,5,0.0536,0.0101901913623,0.0129465586204,0.991832784268,20.1492,0.257296638144,SM-runs,0.991832784268,0.949354616931,0.984473696372,-0.1,0.8
3,3,5,0.1262,0.0531522341958,0.0785310623486,0.991079507548,9.2258,1.39687285033,SM-runs,0.991079507548,0.966456131042,0.986862130155,random,0.3
3,3,5,0.3101,0.20236523911,0.0763994294543,0.979131213442,14.741,3.14830960993,SM-runs,0.979131213442,0.778739074045,0.935435641997,random,0.8
3,3,5,0.1066,0.0456994529508,0.064390578838,0.986899535554,8.0135,1.24959123316,SM-runs,0.986899535554,0.972511481595,0.984452767088,None,0.3
3,3,5,0.1571,0.0814302769245,0.0384069795973,0.986642078725,14.5787,2.33614700094,SM-runs,0.986642078725,0.866219360369,0.963539948265,None,0.8
3,5,5,0.1871,0.0398709167188,0.111927817885,0.983150505617,7.3849,0.167928228717,SM-runs,0.983150505617,0.9506080612,0.977558161168,0.05,0.3
3,5,5,0.4565,0.0621695262971,0.112748541754,0.977445426345,10.4818,0.241889561577,SM-runs,0.977445426345,0.682188689771,0.911456260414,0.05,0.8
3,5,5,0.0432,0.0203164957608,0.0252676578989,0.993908081994,11.0337,0.319290165837,SM-runs,0.993908081994,0.988784179177,0.993047877128,-0.05,0.3
3,5,5,0.0793,0.0141848510743,0.0190512039203,0.988004891508,17.4359,0.183539886673,SM-runs,0.988004891508,0.924757845954,0.976828081905,-0.05,0.8
3,5,5,0.2696,0.0441637860696,0.158577631273,0.970001989995,6.3443,0.124717320369,SM-runs,0.970001989995,0.93034405299,0.963141611044,0.1,0.3
3,5,5,0.6394,0.122022293045,0.156971646087,0.956440425953,8.2474,0.203868192713,SM-runs,0.956440425953,0.600727822235,0.869507206962,0.1,0.8
3,5,5,0.0165,0.00966695401872,0.00842219394887,0.994872568247,13.1501,0.179084030555,SM-runs,0.994872568247,0.996235400566,0.995098003391,-0.1,0.3
3,5,5,0.0378,0.0121967208708,0.00898904860676,0.990951773687,20.2847,0.277048028327,SM-runs,0.990951773687,0.964901249017,0.986469533691,-0.1,0.8
3,5,5,0.1219,0.0655933685673,0.0741745680216,0.988583781296,9.5017,0.966715475205,SM-runs,0.988583781296,0.968011985849,0.98506284574,random,0.3
3,5,5,0.2498,0.216432345087,0.0613446523838,0.983063116949,15.2978,3.12353401774,SM-runs,0.983063116949,0.817158836398,0.947162563336,random,0.8
3,5,5,0.0609,0.0283811557199,0.0358921365828,0.992138856034,9.0445,0.799209515709,SM-runs,0.992138856034,0.98410962639,0.990782172902,None,0.3
3,5,5,0.0988,0.0560924237308,0.0242179014443,0.986362080097,15.6872,2.31648133168,SM-runs,0.986362080097,0.916255169112,0.973586449962,None,0.8
4,3,5,0.1799,0.024801008044,0.105409363739,0.981105122427,6.136,0.109472370944,SM-runs,0.981105122427,0.952548917699,0.976217268071,0.05,0.3
4,3,5,0.42,0.0880386278857,0.10261816977,0.978660297056,8.6432,0.160347622371,SM-runs,0.978660297056,0.692969547914,0.914805902211,0.05,0.8
4,3,5,0.0354,0.00858137518117,0.0180440681238,0.989875901267,9.3016,0.247089943138,SM-runs,0.989875901267,0.991632879029,0.990164590539,-0.05,0.3
4,3,5,0.071,0.0181989010657,0.0171847436414,0.992372747578,14.0865,0.179386314974,SM-runs,0.992372747578,0.931714297579,0.981660946618,-0.05,0.8
4,3,5,0.379,0.0570981610912,0.209820411662,0.917930731117,7.4668,0.560705412851,SM-runs,0.917930731117,0.908257742523,0.916249090843,0.1,0.3
4,3,5,0.8611,0.114805444122,0.206571239849,0.862036295437,12.585,0.483435414507,SM-runs,0.862036295437,0.500603305473,0.768210640458,0.1,0.8
4,3,5,0.0134,0.00798999374218,0.00673093532166,0.995808222454,11.2828,0.220596826813,SM-runs,0.995808222454,0.996950548869,0.995995150369,-0.1,0.3
4,3,5,0.0429,0.0176377436199,0.0101506142022,0.989958264844,17.5464,0.37215486024,SM-runs,0.989958264844,0.958789816809,0.984574424574,-0.1,0.8
4,3,5,0.1773,0.131109152999,0.0956170685964,0.961608273748,8.9589,1.38544681962,SM-runs,0.961608273748,0.956128589649,0.960647437853,random,0.3
4,3,5,0.3757,0.246303085649,0.0925550336621,0.964554894164,12.5739,3.04932682571,SM-runs,0.964554894164,0.747250333011,0.916266690654,random,0.8
4,3,5,0.0786,0.0470216971195,0.0456352669763,0.988248193694,7.3028,0.779538684095,SM-runs,0.988248193694,0.979899060433,0.986828084444,None,0.3
4,3,5,0.1375,0.072608883754,0.0333452543023,0.98473098615,11.8784,1.28165457125,SM-runs,0.98473098615,0.879581481171,0.964898106345,None,0.8
4,5,5,0.1533,0.0477536386048,0.0940089498642,0.985165012413,6.5629,0.133796449878,SM-runs,0.985165012413,0.96004199395,0.980869092952,0.05,0.3
4,5,5,0.3745,0.0603742494777,0.0925614259703,0.984712840113,9.028,0.170754794955,SM-runs,0.984712840113,0.724536370505,0.928795163937,0.05,0.8
4,5,5,0.0264,0.0108277421469,0.0137881191158,0.99226541888,9.5953,0.196973119994,SM-runs,0.99226541888,0.993949861415,0.992544313728,-0.05,0.3
4,5,5,0.0589,0.0197557586541,0.0141963501325,0.990225353176,14.4462,0.26825130009,SM-runs,0.990225353176,0.944960362869,0.982307349214,-0.05,0.8
4,5,5,0.3785,0.0411588386619,0.205676129421,0.913771513161,8.1578,0.445220349939,SM-runs,0.913771513161,0.908215240946,0.91278411256,0.1,0.3
4,5,5,0.8679,0.119276527448,0.209178386651,0.860078386827,13.7812,1.54836667492,SM-runs,0.860078386827,0.502702541309,0.768375530589,0.1,0.8
4,5,5,0.011,0.00511859355683,0.00463115981927,0.994263035701,11.6821,0.236646339503,SM-runs,0.994263035701,0.997984422547,0.994879944356,-0.1,0.3
4,5,5,0.0217,0.0102961157725,0.00487971066202,0.988860759245,17.8445,0.286390380425,SM-runs,0.988860759245,0.980750356982,0.987487246167,-0.1,0.8
4,5,5,0.2672,0.0587635941719,0.153319152935,0.962489506701,8.718,2.22281263268,SM-runs,0.962489506701,0.93159969448,0.956996009463,random,0.3
4,5,5,0.4049,0.292247309654,0.0979307032487,0.978448256065,12.1455,2.53509326258,SM-runs,0.978448256065,0.722912091018,0.916795891619,random,0.8
4,5,5,0.06,0.0215777663348,0.0355240593437,0.991411410931,7.8786,0.442393535215,SM-runs,0.991411410931,0.984610031616,0.990264536722,None,0.3
4,5,5,0.1026,0.0255507338446,0.0251201074311,0.991940917777,12.822,1.02480466431,SM-runs,0.991940917777,0.905997296305,0.976382186459,None,0.8
5,3,5,0.1274,0.0195611860581,0.0746600800894,0.982785132007,5.6101,0.0576618591445,SM-runs,0.982785132007,0.967042409081,0.980121892081,0.05,0.3
5,3,5,0.3379,0.0531101685179,0.0824633215114,0.974447680477,7.5543,0.146980304803,SM-runs,0.974447680477,0.738454467053,0.924854798472,0.05,0.8
5,3,5,0.024,0.0102274141404,0.0120812110668,0.992690454035,8.5211,0.230555177777,SM-runs,0.992690454035,0.994445666381,0.992979669189,-0.05,0.3
5,3,5,0.051,0.0169587735406,0.0118818217624,0.984338948572,12.3164,0.170288108804,SM-runs,0.984338948572,0.951553862411,0.97867147115,-0.05,0.8
5,3,5,0.3623,0.0455917755741,0.195462362527,0.911523327967,6.9548,0.320943546438,SM-runs,0.911523327967,0.912907415691,0.911714519161,0.1,0.3
5,3,5,0.8108,0.148091728331,0.194334618374,0.860644606321,11.5191,1.08271394653,SM-runs,0.860644606321,0.518325109285,0.774468216316,0.1,0.8
5,3,5,0.0191,0.0116657618697,0.00955973902721,0.993996825684,10.4137,0.269464673009,SM-runs,0.993996825684,0.995628390929,0.994266510193,-0.1,0.3
5,3,5,0.0447,0.0121905701261,0.0106540840444,0.991164643711,16.4569,0.216904333751,SM-runs,0.991164643711,0.956925290608,0.985269677984,-0.1,0.8
5,3,5,0.1648,0.0735551493779,0.0943456049881,0.973061438914,7.846,1.69256651273,SM-runs,0.973061438914,0.958401503337,0.970435510547,random,0.3
5,3,5,0.5811,0.195547155438,0.14358873753,0.975461285839,9.7018,2.09354411465,SM-runs,0.975461285839,0.634662757592,0.892671361376,random,0.8
5,3,5,0.0786,0.0368353091476,0.047350400906,0.990480596941,7.045,0.730236947846,SM-runs,0.990480596941,0.979595562394,0.988633948767,None,0.3
5,3,5,0.0928,0.0244122919858,0.0223315495083,0.987817849342,11.7467,1.58525499842,SM-runs,0.987817849342,0.91209047108,0.974242610579,None,0.8
5,5,5,0.138,0.0385201246104,0.0794492202122,0.979569148007,6.1525,0.0942987274569,SM-runs,0.979569148007,0.964528297263,0.977019753144,0.05,0.3
5,5,5,0.324,0.0447548880012,0.079945843929,0.977514293139,7.9205,0.155717853825,SM-runs,0.977514293139,0.754605282206,0.931456677836,0.05,0.8
5,5,5,0.0154,0.00903548559846,0.00566534864304,0.990690977605,8.895,0.267460651312,SM-runs,0.990690977605,0.997345018135,0.991792766141,-0.05,0.3
5,5,5,0.0396,0.0121507201433,0.00932758045889,0.989362940693,12.8131,0.124647061738,SM-runs,0.989362940693,0.962852913543,0.984808355391,-0.05,0.8
5,5,5,0.3324,0.0474135001872,0.177847807649,0.918285310287,7.5674,0.410028340484,SM-runs,0.918285310287,0.919782626734,0.918511628594,0.1,0.3
5,5,5,0.7421,0.0792823435577,0.178089328163,0.864648943467,12.1433,0.789624727323,SM-runs,0.864648943467,0.543394448517,0.78672893287,0.1,0.8
5,5,5,0.0114,0.00598665181884,0.00381781228505,0.992102920049,10.9379,0.223598949014,SM-runs,0.992102920049,0.99824161297,0.993117990717,-0.1,0.3
5,5,5,0.0224,0.013070577646,0.00509101512864,0.990119140117,16.8699,0.203785401832,SM-runs,0.990119140117,0.97923789716,0.988265427626,-0.1,0.8
5,5,5,0.1695,0.117459993189,0.0958239170911,0.966140797248,7.7001,1.01549913343,SM-runs,0.966140797248,0.95835045089,0.964762778729,random,0.3
5,5,5,0.3912,0.25827109788,0.0965608912362,0.960667893363,11.7076,3.31534831353,SM-runs,0.960667893363,0.743045859641,0.911107328784,random,0.8
5,5,5,0.0638,0.0327774312599,0.0373961917043,0.990185296713,7.3505,0.395147630639,SM-runs,0.990185296713,0.983763562149,0.989098945993,None,0.3
5,5,5,0.0607,0.0196012754687,0.014732868723,0.993754674872,12.1034,0.9270204097,SM-runs,0.993754674872,0.941601197947,0.984590737955,None,0.8
6,3,5,0.114,0.0332024095511,0.0664923143375,0.98546827736,5.5606,0.0904944197175,SM-runs,0.98546827736,0.970238936575,0.982888727653,0.05,0.3
6,3,5,0.3013,0.0478477794678,0.0740580775902,0.980455288307,7.4324,0.0906169961983,SM-runs,0.980455288307,0.764587998422,0.936123880557,0.05,0.8
6,3,5,0.0241,0.00954410813015,0.0123930656722,0.992650523973,8.105,0.137605232459,SM-runs,0.992650523973,0.994506495529,0.99295816053,-0.05,0.3
6,3,5,0.0456,0.014291256068,0.0108983595074,0.991739268991,11.9474,0.200875682948,SM-runs,0.991739268991,0.955950525435,0.985557637577,-0.05,0.8
6,3,5,0.3078,0.0303637942293,0.162970548131,0.91974508903,7.0215,0.593597548849,SM-runs,0.91974508903,0.926205201698,0.920790776316,0.1,0.3
6,3,5,0.6727,0.0505589754643,0.160095228328,0.868576257808,11.6265,0.843324048038,SM-runs,0.868576257808,0.56120516018,0.795418565831,0.1,0.8
6,3,5,0.0185,0.00835763124336,0.00948876109272,0.994215905377,9.6719,0.141194511225,SM-runs,0.994215905377,0.995823046418,0.99448114935,-0.1,0.3
6,3,5,0.0386,0.00953100204596,0.00905034300926,0.989071047488,15.1274,0.176117687925,SM-runs,0.989071047488,0.963181332082,0.98463436921,-0.1,0.8
6,3,5,0.1452,0.085587148568,0.0803315730929,0.965125940665,7.6522,2.10521157132,SM-runs,0.965125940665,0.965762329797,0.965029980126,random,0.3
6,3,5,0.3114,0.209079506408,0.076076940497,0.977042568097,10.4613,2.34460679219,SM-runs,0.977042568097,0.773690437506,0.932278966763,random,0.8
6,3,5,0.0715,0.0404555311422,0.041869085166,0.989161862618,6.2802,0.602601493526,SM-runs,0.989161862618,0.981769037824,0.987909747232,None,0.3
6,3,5,0.099,0.0201742410018,0.0239361163473,0.989464803882,11.1979,0.828475038852,SM-runs,0.989464803882,0.906522792661,0.974527517281,None,0.8
6,5,5,0.1035,0.036587566194,0.0606236626954,0.989033162136,6.0147,0.125239011494,SM-runs,0.989033162136,0.972418366271,0.986213451742,0.05,0.3
6,5,5,0.2699,0.046435869756,0.0668102953065,0.988029527234,7.882,0.124151520329,SM-runs,0.988029527234,0.786912575944,0.947426593886,0.05,0.8
6,5,5,0.0221,0.0119117588961,0.0107989730465,0.992605183324,8.6133,0.199645711199,SM-runs,0.992605183324,0.99502104763,0.993005731749,-0.05,0.3
6,5,5,0.0307,0.00888875694347,0.0070392502839,0.988503195515,12.4578,0.215677908002,SM-runs,0.988503195515,0.970539269074,0.985443346494,-0.05,0.8
6,5,5,0.2937,0.0499860980674,0.149440971672,0.912485804304,7.5854,0.445803140411,SM-runs,0.912485804304,0.930841799773,0.915465973179,0.1,0.3
6,5,5,0.6974,0.0419933328041,0.167252393609,0.868211200403,12.0746,1.37258706099,SM-runs,0.868211200403,0.559260240693,0.794842598196,0.1,0.8
6,5,5,0.0144,0.00605309838017,0.00705334773849,0.995088120143,10.1028,0.153359577464,SM-runs,0.995088120143,0.996793424734,0.995370848531,-0.1,0.3
6,5,5,0.0177,0.00764264352171,0.00395606764107,0.990883836466,15.5424,0.292383378461,SM-runs,0.990883836466,0.983353055949,0.989607980315,-0.1,0.8
6,5,5,0.1121,0.0428262769804,0.0649521200822,0.982997965147,7.2122,1.30322813045,SM-runs,0.982997965147,0.97118288005,0.980955043579,random,0.3
6,5,5,0.341,0.180894997167,0.08413600462,0.987203983869,10.6341,1.48815358414,SM-runs,0.987203983869,0.755522826315,0.935957717984,random,0.8
6,5,5,0.0665,0.0327024463917,0.04069579789,0.992819381534,6.9179,0.508149082455,SM-runs,0.992819381534,0.982607955757,0.991093267241,None,0.3
6,5,5,0.058,0.0203027091788,0.0140290443825,0.992370044313,11.6595,0.690912476367,SM-runs,0.992370044313,0.944925459373,0.984062818443,None,0.8
7,3,5,0.1166,0.0245405786403,0.0689976003528,0.988177024426,5.1688,0.229428333037,SM-runs,0.988177024426,0.968958098001,0.984914979042,0.05,0.3
7,3,5,0.3176,0.0895468592414,0.0785925162161,0.986836695033,7.1389,0.240119324503,SM-runs,0.986836695033,0.758371816559,0.938999691272,0.05,0.8
7,3,5,0.0252,0.00818290901819,0.0135443392286,0.993267291281,7.4738,0.167588066401,SM-runs,0.993267291281,0.99411421543,0.993406753524,-0.05,0.3
7,3,5,0.0662,0.0145382254763,0.0161506035195,0.994269534835,11.5353,0.17293065084,SM-runs,0.994269534835,0.937052440182,0.984183244951,-0.05,0.8
7,3,5,0.305,0.0384525681847,0.157118602997,0.916087372711,7.1094,0.511457368702,SM-runs,0.916087372711,0.926903215438,0.917854542894,0.1,0.3
7,3,5,0.6246,0.0945729348175,0.148793501565,0.871267109223,11.2245,0.977622959018,SM-runs,0.871267109223,0.587982815334,0.805577247533,0.1,0.8
7,3,5,0.0153,0.00715611626513,0.00699500760837,0.993796135898,9.5346,0.130832870488,SM-runs,0.993796135898,0.996779727221,0.994289832748,-0.1,0.3
7,3,5,0.032,0.01017840852,0.00743729072058,0.989122937417,14.9548,0.211970658347,SM-runs,0.989122937417,0.969465376458,0.985763476159,-0.1,0.8
7,3,5,0.1449,0.070476166184,0.0825224810757,0.975287683696,6.413,1.45965420563,SM-runs,0.975287683696,0.963356450602,0.973136607542,random,0.3
7,3,5,0.3204,0.174082853837,0.077680764025,0.958053606105,9.687,2.23639772849,SM-runs,0.958053606105,0.764438888413,0.916604189129,random,0.8
7,3,5,0.0923,0.0732134550476,0.0505326818588,0.980551246777,6.2235,0.824402359288,SM-runs,0.980551246777,0.97699823743,0.979910802794,None,0.3
7,3,5,0.0797,0.0338852475275,0.019294093143,0.988684357272,10.2104,0.741102449058,SM-runs,0.988684357272,0.926362428503,0.977632307836,None,0.8
7,5,5,0.1021,0.0262581415946,0.0611404233467,0.98823996762,5.6507,0.286604972043,SM-runs,0.98823996762,0.973274583874,0.98570391997,0.05,0.3
7,5,5,0.2823,0.0738444987795,0.0695496129159,0.985696113121,7.6644,0.208885231646,SM-runs,0.985696113121,0.77838518781,0.943281726079,0.05,0.8
7,5,5,0.0242,0.0110435501538,0.013141090903,0.993912488498,7.9744,0.15360416661,SM-runs,0.993912488498,0.994252310004,0.993966117711,-0.05,0.3
7,5,5,0.0509,0.0155141870557,0.0125153541507,0.995369279164,12.0107,0.224549348696,SM-runs,0.995369279164,0.952437855019,0.987912203552,-0.05,0.8
7,5,5,0.2684,0.0277279642239,0.136365357684,0.919346070937,7.6295,0.465722717934,SM-runs,0.919346070937,0.936819841793,0.922198891119,0.1,0.3
7,5,5,0.6172,0.111898882926,0.14766111106,0.868961351537,12.5198,1.14431008035,SM-runs,0.868961351537,0.59842985055,0.80701767668,0.1,0.8
7,5,5,0.0096,0.00549909083395,0.00320577408556,0.993366764622,10.0323,0.212574245853,SM-runs,0.993366764622,0.998539121731,0.994224373695,-0.1,0.3
7,5,5,0.0252,0.0107219401229,0.0058478221847,0.991222683355,15.3117,0.0797935461049,SM-runs,0.991222683355,0.976494572072,0.98871531547,-0.1,0.8
7,5,5,0.1299,0.0980861356156,0.0694605997711,0.967619989656,7.9208,1.1929987259,SM-runs,0.967619989656,0.968558319371,0.967691796317,random,0.3
7,5,5,0.2886,0.152302462226,0.0692043227117,0.953665064494,10.938,2.37141497845,SM-runs,0.953665064494,0.77346941086,0.916360702149,random,0.8
7,5,5,0.0534,0.030855145438,0.0310529928048,0.991477013016,6.8761,0.457626583581,SM-runs,0.991477013016,0.986424049272,0.990624302313,None,0.3
7,5,5,0.0503,0.0246943313333,0.0118871359942,0.988006306392,11.4698,0.665221136165,SM-runs,0.988006306392,0.952321777476,0.981808742414,None,0.8
8,3,5,0.2937,0.0585133318142,0.17286077689,0.960104544011,5.5128,1.51841929651,SM-runs,0.960104544011,0.926427358062,0.954065822175,0.05,0.3
8,3,5,0.7841,0.0974109336779,0.193144200283,0.965996626891,6.4103,2.51218259886,SM-runs,0.965996626891,0.54926518498,0.856472534301,0.05,0.8
8,3,5,0.0303,0.0068124885321,0.0175823382482,0.995225222872,7.4949,0.134602711711,SM-runs,0.995225222872,0.992232588111,0.994723098018,-0.05,0.3
8,3,5,0.0543,0.015703821191,0.013013407318,0.990655908283,11.4659,0.160464606689,SM-runs,0.990655908283,0.947876603345,0.983204305005,-0.05,0.8
8,3,5,0.2381,0.0339954408708,0.118877246407,0.919705734632,7.0677,0.304272920254,SM-runs,0.919705734632,0.945794224411,0.923936074817,0.1,0.3
8,3,5,0.5725,0.0771637868433,0.134874460076,0.852648996511,11.7953,1.44118756933,SM-runs,0.852648996511,0.602769959899,0.797192302181,0.1,0.8
8,3,5,0.0157,0.00748398289683,0.007473356628,0.993939564803,9.4323,0.14475983559,SM-runs,0.993939564803,0.996659908456,0.994390913173,-0.1,0.3
8,3,5,0.0322,0.0149919978655,0.00757114792646,0.991026604036,14.6576,0.262913369763,SM-runs,0.991026604036,0.969342374703,0.987309312932,-0.1,0.8
8,3,5,0.1846,0.0743400295938,0.106040752036,0.96702372621,7.0516,1.58497591149,SM-runs,0.96702372621,0.954679497328,0.964630944469,random,0.3
8,3,5,0.419,0.161881438096,0.100689366587,0.934748566508,11.3662,2.72863980034,SM-runs,0.934748566508,0.695354090204,0.881576742904,random,0.8
8,3,5,0.0566,0.0347539925764,0.0324515508681,0.990465716548,6.2883,0.66911614089,SM-runs,0.990465716548,0.985646858058,0.989649482041,None,0.3
8,3,5,0.1156,0.0677188304683,0.0280728212646,0.988947228211,9.6376,0.932569160974,SM-runs,0.988947228211,0.895906296857,0.971573147565,None,0.8
8,5,5,0.2944,0.0589579511177,0.178213018429,0.970704979504,5.3972,1.26056573014,SM-runs,0.970704979504,0.925169270766,0.96254711561,0.05,0.3
8,5,5,0.7332,0.120262878728,0.180577695225,0.951538651075,8.6659,4.10324087643,SM-runs,0.951538651075,0.570056562715,0.853809294937,0.05,0.8
8,5,5,0.0225,0.00708872343938,0.0123241906356,0.994910404188,7.8707,0.115113900116,SM-runs,0.994910404188,0.994509120935,0.994840865604,-0.05,0.3
8,5,5,0.0432,0.01260793401,0.0103537724209,0.993678470591,11.935,0.152135465951,SM-runs,0.993678470591,0.957187678834,0.98736237569,-0.05,0.8
8,5,5,0.2532,0.0266037591329,0.130589768598,0.925013547581,7.3654,0.433903261108,SM-runs,0.925013547581,0.940660185654,0.927571581891,0.1,0.3
8,5,5,0.5425,0.04736084881,0.128783843197,0.867774924482,12.0936,0.686404574577,SM-runs,0.867774924482,0.623964948518,0.814422102089,0.1,0.8
8,5,5,0.0105,0.00710281634283,0.00415538464964,0.994207627514,9.9083,0.17400692515,SM-runs,0.994207627514,0.998101300912,0.994853130211,-0.1,0.3
8,5,5,0.0142,0.0102449987799,0.00309097096105,0.991353499705,15.0886,0.128382397547,SM-runs,0.991353499705,0.987067996783,0.990614245628,-0.1,0.8
8,5,5,0.193,0.086783639011,0.118489436164,0.97944410087,7.1772,1.23743927528,SM-runs,0.97944410087,0.950876876472,0.974346664243,random,0.3
8,5,5,0.4727,0.0916875673142,0.114416228707,0.950469762558,10.3733,2.88869853221,SM-runs,0.950469762558,0.662238232382,0.884965172085,random,0.8
8,5,5,0.0522,0.0227323557952,0.0297377971325,0.991047359862,6.8225,0.558134258042,SM-runs,0.991047359862,0.986781571164,0.990323185703,None,0.3
8,5,5,0.0438,0.0116773284616,0.010248400501,0.988136642685,10.6446,0.266749770384,SM-runs,0.988136642685,0.957695288089,0.98290139687,None,0.8
9,3,5,0.2522,0.0397411625396,0.125422595009,0.921338345794,7.7856,0.619258944223,SM-runs,0.921338345794,0.940717488672,0.924469174501,0.05,0.3
9,3,5,0.5361,0.0765838755875,0.12649466123,0.85278526534,12.8396,1.18667874338,SM-runs,0.85278526534,0.626210302574,0.803879956357,0.05,0.8
9,3,5,0.0225,0.0106324973548,0.0110865847631,0.992718056037,7.4256,0.14247119007,SM-runs,0.992718056037,0.994875930694,0.993075585804,-0.05,0.3
9,3,5,0.0454,0.0144166570328,0.0112024617451,0.995668557412,11.2573,0.189393268096,SM-runs,0.995668557412,0.958169137582,0.989198234044,-0.05,0.8
9,3,5,0.2423,0.0319845275094,0.123737344677,0.920600282605,6.7784,0.464627420629,SM-runs,0.920600282605,0.944976850966,0.924555848441,0.1,0.3
9,3,5,0.5276,0.0534905599148,0.125470497967,0.868600774477,11.5106,1.16544860033,SM-runs,0.868600774477,0.635731789511,0.8181140855,0.1,0.8
9,3,5,0.0111,0.00645677938294,0.00543809152186,0.996245674551,9.3661,0.199675461687,SM-runs,0.996245674551,0.997524447716,0.996457635504,-0.1,0.3
9,3,5,0.0257,0.00846226919922,0.00583435981093,0.988285344368,14.5364,0.226663274484,SM-runs,0.988285344368,0.976116034136,0.986220049935,-0.1,0.8
9,3,5,0.1938,0.0723723704186,0.0977823605074,0.936605985075,7.8124,1.247624078,SM-runs,0.936605985075,0.955700883283,0.939671503859,random,0.3
9,3,5,0.3598,0.1349235339,0.0852748092282,0.912233215923,11.8017,2.12275123601,SM-runs,0.912233215923,0.729714241413,0.874371854819,random,0.8
9,3,5,0.0916,0.0543179528333,0.0483292669751,0.974875205215,6.4135,0.997668206369,SM-runs,0.974875205215,0.978372596839,0.975360217318,None,0.3
9,3,5,0.0718,0.0289717103396,0.0171040416165,0.985516340635,9.7226,0.422494307654,SM-runs,0.985516340635,0.933075147666,0.976197773202,None,0.8
9,5,5,0.2464,0.0207663188842,0.122955940744,0.917081790412,8.0168,0.492219828938,SM-runs,0.917081790412,0.943857661845,0.92142652027,0.05,0.3
9,5,5,0.5025,0.0530758890646,0.118673080861,0.870263681951,12.622,1.37342964873,SM-runs,0.870263681951,0.641204953732,0.821068619728,0.05,0.8
9,5,5,0.0249,0.00799312204336,0.0135047406208,0.9943423037,7.9196,0.131953931355,SM-runs,0.9943423037,0.993905579701,0.994267511191,-0.05,0.3
9,5,5,0.0427,0.0164927256692,0.0103613162186,0.994159638287,11.7828,0.132537390951,SM-runs,0.994159638287,0.959929184126,0.98822279861,-0.05,0.8
9,5,5,0.2525,0.0392485668528,0.122961042188,0.9141711997,7.61,0.444063058585,SM-runs,0.9141711997,0.941897573533,0.918632786417,0.1,0.3
9,5,5,0.5583,0.0488856829757,0.132630892811,0.872889418835,12.2857,0.760487613311,SM-runs,0.872889418835,0.615341401142,0.815654486016,0.1,0.8
9,5,5,0.0092,0.0063843558798,0.00419823154542,0.996073783601,9.8631,0.169258648228,SM-runs,0.996073783601,0.99811412093,0.996412268371,-0.1,0.3
9,5,5,0.0185,0.00994233373007,0.00422295267404,0.992364051494,14.9173,0.177144037438,SM-runs,0.992364051494,0.982674084817,0.990713714481,-0.1,0.8
9,5,5,0.1271,0.0865152587698,0.0716357421259,0.976256535295,7.6291,0.594030714694,SM-runs,0.976256535295,0.968003216556,0.974750995965,random,0.3
9,5,5,0.2527,0.166031352461,0.0595253012816,0.934492210324,12.0763,2.06703551252,SM-runs,0.934492210324,0.799605835725,0.907601433436,random,0.8
9,5,5,0.0466,0.0155254629561,0.0261341946599,0.991142019072,6.7852,0.316493854601,SM-runs,0.991142019072,0.988295431397,0.990664294926,None,0.3
9,5,5,0.0754,0.0382758409444,0.0183896719332,0.992593479136,10.5313,0.757046108239,SM-runs,0.992593479136,0.929816494189,0.981295339972,None,0.8
10,3,5,0.2395,0.0390570096142,0.118166751402,0.916991157568,7.3412,0.396361653039,SM-runs,0.916991157568,0.945850972445,0.921652479003,0.05,0.3
10,3,5,0.4828,0.0464064650668,0.11257434755,0.857541289148,12.1768,0.963831603549,SM-runs,0.857541289148,0.642651398934,0.811935191051,0.05,0.8
10,3,5,0.0285,0.00926552750792,0.0149548353735,0.992082487224,7.3233,0.0760921152288,SM-runs,0.992082487224,0.993350584037,0.992291253526,-0.05,0.3
10,3,5,0.0498,0.0166060230037,0.0119081463088,0.990689963719,11.2431,0.12162520298,SM-runs,0.990689963719,0.952595718174,0.98408393309,-0.05,0.8
10,3,5,0.2466,0.020981896959,0.123098608184,0.919398891792,7.2084,0.490779624679,SM-runs,0.919398891792,0.943142785631,0.923261674236,0.1,0.3
10,3,5,0.5232,0.0538271307056,0.122626829298,0.85516850391,12.0286,1.25552420924,SM-runs,0.85516850391,0.622935473289,0.80495549687,0.1,0.8
10,3,5,0.0129,0.00863075894693,0.00624504711998,0.995110227095,9.1812,0.294130855233,SM-runs,0.995110227095,0.997273389384,0.995466714935,-0.1,0.3
10,3,5,0.0269,0.0152803795764,0.00631994213756,0.992604782746,14.3712,0.309116418199,SM-runs,0.992604782746,0.974248204485,0.989462058063,-0.1,0.8
10,3,5,0.1537,0.0602943612621,0.0810058062055,0.955710573933,7.7581,1.28363604265,SM-runs,0.955710573933,0.964317117715,0.956937745736,random,0.3
10,3,5,0.3442,0.127743336421,0.0821574275823,0.914739848558,11.5806,2.20509293228,SM-runs,0.914739848558,0.744889708427,0.880353583409,random,0.8
10,3,5,0.0683,0.0239167305458,0.0399054949983,0.990803472955,5.6246,0.662494558468,SM-runs,0.990803472955,0.982197960314,0.989350308152,None,0.3
10,3,5,0.0912,0.0615512794343,0.0222946907677,0.993751673567,9.4794,0.974578493504,SM-runs,0.993751673567,0.916780948408,0.979574667819,None,0.8
10,5,5,0.2401,0.0440487230235,0.121865399983,0.921842355143,7.9924,0.613184996555,SM-runs,0.921842355143,0.945038245563,0.925611049103,0.05,0.3
10,5,5,0.4679,0.0799542994466,0.110372049042,0.873429457902,12.4144,1.3598664052,SM-runs,0.873429457902,0.664274683938,0.829018612461,0.05,0.8
10,5,5,0.0235,0.00726980054747,0.0125301330038,0.993528929242,7.8015,0.183786424961,SM-runs,0.993528929242,0.994536153601,0.993695001568,-0.05,0.3
10,5,5,0.038,0.015119523802,0.0091607601803,0.994763644388,11.8208,0.116211703369,SM-runs,0.994763644388,0.962801062698,0.989243611008,-0.05,0.8
10,5,5,0.2226,0.0352085216957,0.106052510271,0.92066055605,7.6905,0.602770810508,SM-runs,0.92066055605,0.949127038887,0.925273371208,0.1,0.3
10,5,5,0.4773,0.0353724469043,0.111801753682,0.864191954268,11.8367,1.24964955488,SM-runs,0.864191954268,0.649446488161,0.818862109232,0.1,0.8
10,5,5,0.0063,0.00357910603363,0.00188924841784,0.995210846166,9.6514,0.263518955675,SM-runs,0.995210846166,0.999118473033,0.99585873118,-0.1,0.3
10,5,5,0.0153,0.00819817052762,0.00349554491209,0.993578805962,14.4334,0.513463572223,SM-runs,0.993578805962,0.986079371478,0.992308194926,-0.1,0.8
10,5,5,0.1705,0.0814766837813,0.0859681601354,0.944660711562,8.6306,1.64944452468,SM-runs,0.944660711562,0.960955607418,0.947206763046,random,0.3
10,5,5,0.3952,0.139039418871,0.0948542896403,0.927260320822,11.0683,1.79392084831,SM-runs,0.927260320822,0.711585074106,0.881212086308,random,0.8
10,5,5,0.0509,0.0122266103234,0.0294399585098,0.993560436673,6.6959,0.262332403641,SM-runs,0.993560436673,0.986503255949,0.992372438828,None,0.3
10,5,5,0.0626,0.0334490657568,0.0150552601532,0.991302343725,10.5069,0.633309632013,SM-runs,0.991302343725,0.939505853667,0.982100290304,None,0.8
