Nt,J,lr,loss_mean,loss_std,FPR,TPR,price_mean,price_std,alg,recall,precision,f_beta,pow_term,theta
1,3,5,0.0428333333333,0.0173302881941,0.0136020925713,0.992005077352,11.5472333333,0.367585788929,SM-runs,0.992005077352,0.981376329569,0.990207076546,5,0.3
1,3,5,0.0543333333333,0.0211365928086,0.0109999214134,0.951131051287,8.99666666667,0.462982817056,SM-runs,0.951131051287,0.909574130631,0.943636159824,5,0.8
1,3,5,0.0522666666667,0.0220558886065,0.0169461547729,0.991886096493,11.515,0.418237890839,SM-runs,0.991886096493,0.977332652948,0.989417035426,-5,0.3
1,3,5,0.0497333333333,0.0199732042719,0.0100066101222,0.952888134293,8.58386666667,0.56416219496,SM-runs,0.952888134293,0.915219350615,0.946079173365,-5,0.8
1,3,5,0.0560666666667,0.0198812027358,0.0182378272905,0.992290693622,11.5124333333,0.334245586691,SM-runs,0.992290693622,0.975336984562,0.989412384995,10,0.3
1,3,5,0.0546666666667,0.0266487439771,0.0110553172107,0.949515023422,8.90743333333,0.628165619527,SM-runs,0.949515023422,0.913052551146,0.942847855187,10,0.8
1,3,5,0.0448333333333,0.0197637434601,0.0141435829642,0.990849087454,11.5591333333,0.306366744641,SM-runs,0.990849087454,0.980716581543,0.989134560178,-10,0.3
1,3,5,0.0531,0.0255830021694,0.010801408591,0.954100043234,8.82063333333,0.696270612302,SM-runs,0.954100043234,0.913313276351,0.946753057817,-10,0.8
1,3,5,0.0613333333333,0.026363274118,0.0198767839101,0.990886416539,11.1867666667,0.305206562111,SM-runs,0.990886416539,0.973297106458,0.987887734412,est,0.3
1,3,5,0.0629666666667,0.0300327413926,0.0132204953721,0.965344182643,9.78533333333,0.452032619275,SM-runs,0.965344182643,0.891975739364,0.951839619332,est,0.8
1,3,5,0.0467333333333,0.0183174476631,0.0147850027573,0.990065630788,11.4473333333,0.366189325653,SM-runs,0.990065630788,0.980217532578,0.988395754893,gt,0.3
1,3,5,0.0489333333333,0.0207588267705,0.00990074228463,0.954961424728,8.91946666667,0.545793473354,SM-runs,0.954961424728,0.918558373349,0.948473721977,gt,0.8
1,5,5,0.0362333333333,0.0167564581248,0.0114714976745,0.991646567493,11.5552333333,0.297978039832,SM-runs,0.991646567493,0.984944927477,0.990512139798,5,0.3
1,5,5,0.035,0.014587666023,0.00678662222243,0.955046935551,8.94046666667,0.547276574402,SM-runs,0.955046935551,0.940765945795,0.952463176292,5,0.8
1,5,5,0.0381,0.0143511904268,0.011939459943,0.991471447923,11.6947333333,0.38894532035,SM-runs,0.991471447923,0.98377653779,0.990177109782,-5,0.3
1,5,5,0.0397333333333,0.0151831778258,0.007719928152,0.949811734471,8.9684,0.474443505594,SM-runs,0.949811734471,0.93368136414,0.946848044687,-5,0.8
1,5,5,0.0348,0.0159319385721,0.0107448965727,0.991355912479,11.6834,0.305632524447,SM-runs,0.991355912479,0.985262040235,0.990325816631,10,0.3
1,5,5,0.0335333333333,0.0141013789712,0.00643300436421,0.9542938375,9.3124,0.541523258965,SM-runs,0.9542938375,0.945050114378,0.952567090779,10,0.8
1,5,5,0.0418666666667,0.0177702623003,0.0129928184558,0.989696858117,11.7114333333,0.391574572151,SM-runs,0.989696858117,0.982449839443,0.988461566855,-10,0.3
1,5,5,0.0327333333333,0.0137596834589,0.00616164190395,0.948905542052,8.719,0.565957301098,SM-runs,0.948905542052,0.946233257069,0.948300439614,-10,0.8
1,5,5,0.0496666666667,0.0187017527402,0.0158137484349,0.990504115153,11.4277,0.435729514722,SM-runs,0.990504115153,0.978645124991,0.988495741348,est,0.3
1,5,5,0.0497333333333,0.0309611943496,0.00770699880037,0.853457618663,8.99366666667,1.66040837012,SM-runs,0.853457618663,0.887414600241,0.851179024312,est,0.8
1,5,5,0.0389666666667,0.0204865538559,0.012271619352,0.991698905481,11.6112,0.318433289717,SM-runs,0.991698905481,0.983335299317,0.990280129888,gt,0.3
1,5,5,0.0342,0.0148916083752,0.0066123754496,0.95509361741,8.90396666667,0.639231595138,SM-runs,0.95509361741,0.943173285776,0.952967997237,gt,0.8
1,10,5,0.0309333333333,0.0113840043726,0.00968573699189,0.99235259894,12.1463666667,0.338083370717,SM-runs,0.99235259894,0.987150361012,0.991475759521,5,0.3
1,10,5,0.0226666666667,0.0106843603251,0.00411769363044,0.958890013871,9.5551,0.651889016628,SM-runs,0.958890013871,0.963391347914,0.959535882182,5,0.8
1,10,5,0.0271333333333,0.0115779483886,0.00858312926863,0.994209212439,12.1173333333,0.353308489693,SM-runs,0.994209212439,0.988463476636,0.993241664443,-5,0.3
1,10,5,0.0233333333333,0.0105746026981,0.00423230815916,0.957451591163,9.5717,0.593115230513,SM-runs,0.957451591163,0.962746777112,0.958223646212,-5,0.8
1,10,5,0.0298666666667,0.0141344339194,0.00918603517458,0.992028516046,12.1973,0.325780002456,SM-runs,0.992028516046,0.987541234477,0.991271496985,10,0.3
1,10,5,0.0181333333333,0.00917871934906,0.00310147477523,0.958758590604,9.5343,0.652778581654,SM-runs,0.958758590604,0.971112270175,0.960636762311,10,0.8
1,10,5,0.0312666666667,0.0131477078695,0.00959256751618,0.991410672296,12.2345333333,0.385121516177,SM-runs,0.991410672296,0.986998172827,0.99066013733,-10,0.3
1,10,5,0.0215,0.0120104121495,0.00366650235904,0.949896515938,9.3094,0.561677345101,SM-runs,0.949896515938,0.966646953727,0.952465167349,-10,0.8
1,10,5,0.0403,0.0169669286162,0.0128881759603,0.992958673128,11.8256333333,0.43911110844,SM-runs,0.992958673128,0.982475841059,0.991183699046,est,0.3
1,10,5,0.0279333333333,0.0141136655606,0.0041221463819,0.907818562973,9.31493333333,1.74235708038,SM-runs,0.907818562973,0.962211608038,0.913695067867,est,0.8
1,10,5,0.0282666666667,0.0131172490341,0.00859818806166,0.992164704991,12.2334333333,0.33624779388,SM-runs,0.992164704991,0.988106548426,0.991478467635,gt,0.3
1,10,5,0.0202,0.00835623519695,0.00341149105091,0.951669284998,9.36486666667,0.477179262845,SM-runs,0.951669284998,0.968998575666,0.954431874233,gt,0.8
2,3,5,0.0299666666667,0.0149096911064,0.00980928438938,0.995756621978,7.97563333333,0.252896485192,SM-runs,0.995756621978,0.986898517321,0.994263507386,5,0.3
2,3,5,0.0338666666667,0.0153226049424,0.00613238308591,0.936622486066,5.7236,0.274914362423,SM-runs,0.936622486066,0.943452561403,0.937558883622,5,0.8
2,3,5,0.0307333333333,0.0149486528564,0.00993960276672,0.994751693521,7.94923333333,0.189481165877,SM-runs,0.994751693521,0.986754024318,0.993404050179,-5,0.3
2,3,5,0.0265,0.0138293166859,0.00460854238037,0.943118635259,5.62503333333,0.33906896873,SM-runs,0.943118635259,0.959466097173,0.945644315329,-5,0.8
2,3,5,0.0308333333333,0.0147061967287,0.00994278494126,0.994866889245,7.9754,0.146978365755,SM-runs,0.994866889245,0.986603306375,0.993471649804,10,0.3
2,3,5,0.035,0.0162008230244,0.00663275405009,0.948646760734,5.82456666667,0.445290443294,SM-runs,0.948646760734,0.941731190641,0.947123514417,10,0.8
2,3,5,0.0333,0.0123238251637,0.0105698853545,0.993730442387,7.97596666667,0.245100181332,SM-runs,0.993730442387,0.985523276218,0.992342419623,-10,0.3
2,3,5,0.0345333333333,0.0136814554132,0.00615889647642,0.932881237263,5.74916666667,0.209208681039,SM-runs,0.932881237263,0.945204916991,0.934760559459,-10,0.8
2,3,5,0.0497666666667,0.0213895353438,0.0165465483102,0.995339300445,7.6003,0.27834524725,SM-runs,0.995339300445,0.977773120529,0.992353300432,est,0.3
2,3,5,0.0327666666667,0.0170170176262,0.00661509550769,0.970015108069,6.35506666667,0.409245723523,SM-runs,0.970015108069,0.944991676775,0.965463263442,est,0.8
2,3,5,0.0322,0.0163368703653,0.010309452426,0.99440394469,8.05673333333,0.184996924899,SM-runs,0.99440394469,0.985984385824,0.99298327115,gt,0.3
2,3,5,0.0370333333333,0.0177416333959,0.00697680483206,0.944634871397,5.75756666667,0.284488041147,SM-runs,0.944634871397,0.940252396928,0.9434246112,gt,0.8
2,5,5,0.0247,0.0125781556677,0.00781067658067,0.995145915206,8.20403333333,0.222074834734,SM-runs,0.995145915206,0.989281290094,0.994158077556,5,0.3
2,5,5,0.0250666666667,0.0117924646373,0.00431359141225,0.94312341931,6.0031,0.458816255888,SM-runs,0.94312341931,0.961501660484,0.945969812576,5,0.8
2,5,5,0.0219666666667,0.00821982697844,0.00699181774043,0.99571574034,8.16086666667,0.168464978227,SM-runs,0.99571574034,0.990504295288,0.994839996216,-5,0.3
2,5,5,0.0256,0.0123331531518,0.00420748823889,0.935865115903,6.05923333333,0.296061669627,SM-runs,0.935865115903,0.963139988317,0.940054054095,-5,0.8
2,5,5,0.0239,0.0123917983629,0.00772105770516,0.99625218618,8.1976,0.19662919417,SM-runs,0.99625218618,0.989483201658,0.995112111236,10,0.3
2,5,5,0.0250333333333,0.0179638216671,0.00463763043527,0.958376879707,6.19496666667,0.489596465356,SM-runs,0.958376879707,0.95950170146,0.958353729221,10,0.8
2,5,5,0.0205666666667,0.0101281236608,0.00662915775242,0.99667679123,8.14293333333,0.132185458941,SM-runs,0.99667679123,0.990979555424,0.995718389416,-10,0.3
2,5,5,0.0228333333333,0.0103411260938,0.0036906980491,0.940829627069,5.86876666667,0.368753095656,SM-runs,0.940829627069,0.968038745808,0.945102212458,-10,0.8
2,5,5,0.0374333333333,0.0200194627523,0.0123590345464,0.995397259876,7.8711,0.26854426699,SM-runs,0.995397259876,0.983562166686,0.993389628282,est,0.3
2,5,5,0.0247,0.0136922118983,0.00411930160331,0.937579390147,6.2381,1.00966530263,SM-runs,0.937579390147,0.963638102625,0.939954991382,est,0.8
2,5,5,0.0237333333333,0.00936281059417,0.00746536238466,0.995081613847,8.21256666667,0.203795597488,SM-runs,0.995081613847,0.989716871839,0.994180107844,gt,0.3
2,5,5,0.0304,0.0114560027933,0.00533091517765,0.936863200323,5.95496666667,0.309015046379,SM-runs,0.936863200323,0.953754322398,0.939440457851,gt,0.8
2,10,5,0.0201,0.00939982269336,0.00646152554685,0.996587124242,8.69543333333,0.258970742663,SM-runs,0.996587124242,0.99120162502,0.995681774791,5,0.3
2,10,5,0.0152333333333,0.00806094838644,0.00215306470285,0.945701331562,6.6007,0.388838882658,SM-runs,0.945701331562,0.980661471313,0.951174150838,5,0.8
2,10,5,0.0215,0.0100424100693,0.00700506398004,0.996857521811,8.6557,0.192145804014,SM-runs,0.996857521811,0.990542203468,0.995795114263,-5,0.3
2,10,5,0.0134,0.00774854825112,0.00177831541292,0.945699896773,6.51733333333,0.284578792057,SM-runs,0.945699896773,0.983386080144,0.951667463787,-5,0.8
2,10,5,0.0213666666667,0.0104066752082,0.00699833257426,0.996814227268,8.6664,0.202995664978,SM-runs,0.996814227268,0.990726204085,0.995790122974,10,0.3
2,10,5,0.0143333333333,0.00826370914837,0.00204620662989,0.950746543086,6.6455,0.391482034496,SM-runs,0.950746543086,0.981793658606,0.955702079762,10,0.8
2,10,5,0.0217,0.0111030025969,0.00687615819011,0.995935023477,8.75083333333,0.24616987134,SM-runs,0.995935023477,0.990497543209,0.995018846706,-10,0.3
2,10,5,0.0157333333333,0.00894402345455,0.00193605365768,0.933031613949,6.4129,0.282809046296,SM-runs,0.933031613949,0.982599742858,0.940840606609,-10,0.8
2,10,5,0.0328666666667,0.016146688687,0.0109615826241,0.997118518417,8.41093333333,0.330818573978,SM-runs,0.997118518417,0.985215444513,0.995104425706,est,0.3
2,10,5,0.0211333333333,0.0168754917624,0.00231627379929,0.893978036364,6.40203333333,1.40587001493,SM-runs,0.893978036364,0.980531172497,0.902143173408,est,0.8
2,10,5,0.0212666666667,0.0103728277512,0.00687177519594,0.996585803116,8.7132,0.216008703528,SM-runs,0.996585803116,0.990677852539,0.995593639789,gt,0.3
2,10,5,0.0128,0.00546747961435,0.00151839723987,0.940322394824,6.48196666667,0.447405743022,SM-runs,0.940322394824,0.985682526553,0.947451023165,gt,0.8
3,3,5,0.0383333333333,0.0166419817196,0.0122480416647,0.993236031124,5.53736666667,0.243144604894,SM-runs,0.993236031124,0.98331131781,0.991558016858,5,0.3
3,3,5,0.03,0.0120554275467,0.00500083326137,0.925716760908,3.67066666667,0.298399880846,SM-runs,0.925716760908,0.953538691304,0.930051154516,5,0.8
3,3,5,0.0436666666667,0.0126262513131,0.0139588752875,0.991708648156,5.49743333333,0.282619730773,SM-runs,0.991708648156,0.981262877771,0.989947589128,-5,0.3
3,3,5,0.0316666666667,0.013511312133,0.005584896807,0.933603320141,3.60206666667,0.33055961977,SM-runs,0.933603320141,0.948495927111,0.935844314636,-5,0.8
3,3,5,0.0378,0.0161501289985,0.0121765907768,0.993755719722,5.642,0.332152073605,SM-runs,0.993755719722,0.983548660009,0.992029373625,10,0.3
3,3,5,0.0259666666667,0.0130983035373,0.00425765229493,0.931151616064,3.80473333333,0.480523182468,SM-runs,0.931151616064,0.960515208007,0.935715142028,10,0.8
3,3,5,0.0469333333333,0.0184226913223,0.0150405145575,0.99295140481,5.39843333333,0.251303094998,SM-runs,0.99295140481,0.979111931187,0.990605470609,-10,0.3
3,3,5,0.0303666666667,0.0130063659627,0.00508805969671,0.925240389852,3.509,0.130969716601,SM-runs,0.925240389852,0.954206959105,0.929740673723,-10,0.8
3,3,5,0.0336666666667,0.0145472410519,0.0109547614152,0.995224946326,5.60373333333,0.211029687222,SM-runs,0.995224946326,0.985158881587,0.993527212237,est,0.3
3,3,5,0.0278,0.0161521928336,0.0050546917437,0.949106918174,4.88463333333,0.669362257841,SM-runs,0.949106918174,0.954994156062,0.948481543532,est,0.8
3,3,5,0.0366,0.013607840877,0.0115077422879,0.992201568904,5.4595,0.284802475411,SM-runs,0.992201568904,0.984286497247,0.990867103653,gt,0.3
3,3,5,0.0332333333333,0.0147844137148,0.00571828418124,0.926872876808,3.6822,0.247705389526,SM-runs,0.926872876808,0.949027320521,0.930284479398,gt,0.8
3,5,5,0.0362333333333,0.0156048781547,0.011665845502,0.994631417598,5.78146666667,0.329890965152,SM-runs,0.994631417598,0.98388601005,0.992817633141,5,0.3
3,5,5,0.0252333333333,0.00946461245318,0.00376295295963,0.918451134422,3.9255,0.360764073415,SM-runs,0.918451134422,0.966595929519,0.925899484029,5,0.8
3,5,5,0.0318666666667,0.0149169553045,0.0101082998203,0.994332334047,5.7231,0.29043982165,SM-runs,0.994332334047,0.98596798306,0.992918936023,-5,0.3
3,5,5,0.0215333333333,0.00645875805055,0.00303805336085,0.922119497689,3.88366666667,0.240723538987,SM-runs,0.922119497689,0.971108790329,0.929794616735,-5,0.8
3,5,5,0.0342333333333,0.0152023755454,0.0109886010406,0.993901164278,5.82366666667,0.281486095966,SM-runs,0.993901164278,0.985211584139,0.992431674138,10,0.3
3,5,5,0.0186,0.00811829210282,0.00259483257214,0.930958954005,4.07976666667,0.494842916714,SM-runs,0.930958954005,0.97550630147,0.9379614782,10,0.8
3,5,5,0.0326666666667,0.0111694026499,0.0104515595274,0.993686548125,5.71923333333,0.322629476162,SM-runs,0.993686548125,0.986012053259,0.99239281364,-10,0.3
3,5,5,0.0235,0.00813941029805,0.00356900725624,0.926923895441,3.8656,0.255610067616,SM-runs,0.926923895441,0.967596593799,0.933362461714,-10,0.8
3,5,5,0.0345666666667,0.0153941186461,0.0110656221454,0.994256410284,5.86606666667,0.226497377959,SM-runs,0.994256410284,0.984797538797,0.992657528064,est,0.3
3,5,5,0.0198666666667,0.0126589450148,0.00296730410818,0.937988892274,4.75266666667,0.579387166659,SM-runs,0.937988892274,0.97334421183,0.942274523703,est,0.8
3,5,5,0.0351333333333,0.0119519408001,0.0112705461815,0.994460099809,5.72713333333,0.328728533731,SM-runs,0.994460099809,0.984402178581,0.992764677225,gt,0.3
3,5,5,0.0245,0.00910951883105,0.00359817721622,0.91824105429,3.8171,0.136946303346,SM-runs,0.91824105429,0.966545419585,0.925721700332,gt,0.8
3,10,5,0.0289333333333,0.0137959736477,0.00921327911977,0.994223212985,6.26936666667,0.322386257289,SM-runs,0.994223212985,0.987622642727,0.993107278605,5,0.3
3,10,5,0.0184,0.00889044430836,0.00237614624207,0.924289722625,4.49416666667,0.382394306385,SM-runs,0.924289722625,0.97776248711,0.932672187392,5,0.8
3,10,5,0.0330333333333,0.0137585932743,0.0106066010949,0.994343578671,6.27246666667,0.298202809436,SM-runs,0.994343578671,0.985605600384,0.992868699946,-5,0.3
3,10,5,0.0181333333333,0.00909480926439,0.00222419851226,0.918783699033,4.39603333333,0.217125230122,SM-runs,0.918783699033,0.978877728619,0.928084011676,-5,0.8
3,10,5,0.0287666666667,0.0122138809921,0.00927084537141,0.995392227514,6.35693333333,0.328140715073,SM-runs,0.995392227514,0.987375204574,0.994040508376,10,0.3
3,10,5,0.0163333333333,0.00839973544557,0.00211956549631,0.934787973059,4.73443333333,0.485484478525,SM-runs,0.934787973059,0.980612957696,0.941978107787,10,0.8
3,10,5,0.0315,0.0141674509587,0.0101060930059,0.994058222406,6.29233333333,0.321599889442,SM-runs,0.994058222406,0.986499901049,0.992783242895,-10,0.3
3,10,5,0.0158,0.00706823881883,0.00170314427074,0.91904714393,4.38293333333,0.112873065383,SM-runs,0.91904714393,0.983680437014,0.929038357085,-10,0.8
3,10,5,0.028,0.012233832869,0.00908147911245,0.996019053809,6.4125,0.242048170137,SM-runs,0.996019053809,0.987568261718,0.99459610137,est,0.3
3,10,5,0.0193,0.0155223494785,0.0017431094476,0.878769673022,4.86763333333,1.01411460507,SM-runs,0.878769673022,0.981614525238,0.890254033944,est,0.8
3,10,5,0.0281666666667,0.0139405483712,0.009274732555,0.996072658506,6.4592,0.301247561539,SM-runs,0.996072658506,0.987760692787,0.994670049423,gt,0.3
3,10,5,0.0188333333333,0.00817346655683,0.00241109403641,0.921748142941,4.39923333333,0.261580922257,SM-runs,0.921748142941,0.97739361772,0.930442878493,gt,0.8
4,3,5,0.0235333333333,0.00962196561115,0.00732891691469,0.994718949473,4.82026666667,0.0957942007059,SM-runs,0.994718949473,0.989841199581,0.993897087286,5,0.3
4,3,5,0.0240333333333,0.013047307087,0.00411306463393,0.945000700561,3.30696666667,0.133357285349,SM-runs,0.945000700561,0.962802902103,0.947761269934,5,0.8
4,3,5,0.0279666666667,0.0126740767799,0.00885116108287,0.99450107949,4.8603,0.102364105037,SM-runs,0.99450107949,0.987870397569,0.993383581287,-5,0.3
4,3,5,0.0205333333333,0.00853515605533,0.00341123971734,0.948007769199,3.29543333333,0.142765468125,SM-runs,0.948007769199,0.968987894575,0.951326792517,-5,0.8
4,3,5,0.0264,0.0143981480291,0.00831929419286,0.994685117662,4.80863333333,0.0776764586102,SM-runs,0.994685117662,0.98856044837,0.993653737257,10,0.3
4,3,5,0.0264333333333,0.0127689293034,0.00469376990042,0.946250179333,3.28886666667,0.116884482384,SM-runs,0.946250179333,0.956670514179,0.947814379255,10,0.8
4,3,5,0.0271666666667,0.0130411741121,0.00871443326812,0.995266855553,4.78613333333,0.088081300828,SM-runs,0.995266855553,0.988168405564,0.994069906381,-10,0.3
4,3,5,0.0252333333333,0.0113979042908,0.00430913337734,0.943394902093,3.30033333333,0.110990790409,SM-runs,0.943394902093,0.96181591952,0.946215060436,-10,0.8
4,3,5,0.0224,0.0101113797278,0.00693330612871,0.994323688849,4.75463333333,0.0791435334622,SM-runs,0.994323688849,0.99058638025,0.993694014697,est,0.3
4,3,5,0.0339666666667,0.0177359960407,0.00641043241864,0.945290714642,4.15363333333,0.434711128861,SM-runs,0.945290714642,0.941774100943,0.943610983958,est,0.8
4,3,5,0.0228,0.00865409344376,0.00730587799084,0.995748288362,4.79963333333,0.0613636609802,SM-runs,0.995748288362,0.990177379971,0.994811731784,gt,0.3
4,3,5,0.0225333333333,0.0100920210508,0.00381414324203,0.94723124517,3.2939,0.109689972194,SM-runs,0.94723124517,0.965142920573,0.950006551642,gt,0.8
4,5,5,0.0158333333333,0.00857159391375,0.00483863804598,0.995625158742,5.07696666667,0.0985320534423,SM-runs,0.995625158742,0.993369590698,0.9952459622,5,0.3
4,5,5,0.0215,0.0126852933221,0.00344778010602,0.939646795258,3.51223333333,0.123138589493,SM-runs,0.939646795258,0.968497072361,0.944203939304,5,0.8
4,5,5,0.0194,0.00787654746701,0.00608874762054,0.995887385139,5.06396666667,0.0698190438841,SM-runs,0.995887385139,0.99161960221,0.995170681274,-5,0.3
4,5,5,0.0192333333333,0.0116352433962,0.00298563177813,0.943486997483,3.56213333333,0.11145843271,SM-runs,0.943486997483,0.974401838184,0.948382999994,-5,0.8
4,5,5,0.0216,0.00830501856309,0.00680055168744,0.995398450871,5.04873333333,0.0776148324885,SM-runs,0.995398450871,0.990712066669,0.994610320884,10,0.3
4,5,5,0.0178666666667,0.00955591730581,0.00276144737681,0.946688932225,3.564,0.0897760175845,SM-runs,0.946688932225,0.976039035241,0.951367671316,10,0.8
4,5,5,0.0188666666667,0.00818833859149,0.00590258208694,0.995578108695,5.044,0.0774781689682,SM-runs,0.995578108695,0.992007698155,0.994978273287,-10,0.3
4,5,5,0.0182666666667,0.00906249904215,0.00284876398989,0.944492048559,3.51223333333,0.131218566606,SM-runs,0.944492048559,0.973052998426,0.949032194038,-10,0.8
4,5,5,0.0188,0.00869635939153,0.00589314523388,0.996106592473,5.01113333333,0.0874767524673,SM-runs,0.996106592473,0.991822314811,0.995385642319,est,0.3
4,5,5,0.0254333333333,0.0157049532172,0.00405408284261,0.932394369132,4.15466666667,0.46709187771,SM-runs,0.932394369132,0.963908522953,0.935388641615,est,0.8
4,5,5,0.0192333333333,0.0104233178765,0.00606089499322,0.995926483546,5.0691,0.0838845834068,SM-runs,0.995926483546,0.991754171655,0.995224042102,gt,0.3
4,5,5,0.0184,0.00920362247524,0.0029349608398,0.947646944526,3.50506666667,0.104682355512,SM-runs,0.947646944526,0.973573774221,0.951710079753,gt,0.8
4,10,5,0.0144,0.00914549069214,0.00448497119612,0.99669682968,5.66856666667,0.0711911433318,SM-runs,0.99669682968,0.993835931625,0.996216100721,5,0.3
4,10,5,0.0114333333333,0.00729238567884,0.00133996192981,0.945976458202,4.1337,0.114161917176,SM-runs,0.945976458202,0.988096603418,0.952643204617,5,0.8
4,10,5,0.0138,0.00903843644295,0.00423443049956,0.996522576888,5.64663333333,0.0700687678086,SM-runs,0.996522576888,0.994117942179,0.996116304775,-5,0.3
4,10,5,0.0110666666667,0.00662285604722,0.00108003125402,0.938994370165,4.14983333333,0.0990535489296,SM-runs,0.938994370165,0.990276399795,0.947089520362,-5,0.8
4,10,5,0.0189,0.0104158533016,0.00599261635388,0.996291181098,5.66876666667,0.0743553106524,SM-runs,0.996291181098,0.991826575408,0.995539896116,10,0.3
4,10,5,0.0128,0.00826397805741,0.00171811128826,0.950831429412,4.12906666667,0.104718331198,SM-runs,0.950831429412,0.985358861218,0.95632663498,10,0.8
4,10,5,0.0146333333333,0.00729147142596,0.00452186986322,0.996138333385,5.62163333333,0.069005547281,SM-runs,0.996138333385,0.993881409863,0.995759584799,-10,0.3
4,10,5,0.0113333333333,0.0059907335852,0.00122907669043,0.944297138806,4.12706666667,0.106522277274,SM-runs,0.944297138806,0.989096906396,0.951357210865,-10,0.8
4,10,5,0.0191,0.0116571866246,0.0058554271083,0.994965621121,5.60866666667,0.112125921277,SM-runs,0.994965621121,0.991924663839,0.994453913192,est,0.3
4,10,5,0.0178,0.0119733036377,0.00268815797387,0.941819196388,4.6722,0.549791560503,SM-runs,0.941819196388,0.977121166401,0.94602990606,est,0.8
4,10,5,0.0174333333333,0.00828526134504,0.00556737852463,0.99660437293,5.6642,0.0747981283188,SM-runs,0.99660437293,0.992505256041,0.995915760113,gt,0.3
4,10,5,0.0130333333333,0.00676502443126,0.00170581587726,0.947085599771,4.12876666667,0.0964478039609,SM-runs,0.947085599771,0.984416462423,0.953019157133,gt,0.8
5,3,5,0.0188333333333,0.0114136857422,0.00602995649016,0.996470348294,4.64906666667,0.0624227166627,SM-runs,0.996470348294,0.991882494462,0.995699771613,5,0.3
5,3,5,0.0287666666667,0.0141272392522,0.00545198249407,0.957890374149,2.93213333333,0.113033249779,SM-runs,0.957890374149,0.952272574532,0.956814712254,5,0.8
5,3,5,0.0174666666667,0.0113892737062,0.00567710856933,0.997706162083,4.67256666667,0.0718070021346,SM-runs,0.997706162083,0.992178994393,0.996775793069,-5,0.3
5,3,5,0.0286,0.0132478929142,0.00541776563312,0.957392397928,2.90856666667,0.0856655058287,SM-runs,0.957392397928,0.952456865173,0.956493676094,-5,0.8
5,3,5,0.0168666666667,0.0098682431173,0.00541853658894,0.997173227444,4.67386666667,0.0770894430011,SM-runs,0.997173227444,0.992611721674,0.996405317348,10,0.3
5,3,5,0.0333,0.0137747353272,0.00658189258181,0.963313240693,2.9546,0.122243636508,SM-runs,0.963313240693,0.944158648421,0.959968262915,10,0.8
5,3,5,0.0157666666667,0.00655074211233,0.00495951495324,0.996624198848,4.67386666667,0.0640003819433,SM-runs,0.996624198848,0.993224841242,0.996053024792,-10,0.3
5,3,5,0.0283333333333,0.012972620741,0.00537616263001,0.959075982486,2.96833333333,0.143728756884,SM-runs,0.959075982486,0.952250402047,0.957799171627,-10,0.8
5,3,5,0.0334666666667,0.0229764130263,0.0111019865397,0.996489859512,4.50556666667,0.135593432322,SM-runs,0.996489859512,0.985147836571,0.994562835696,est,0.3
5,3,5,0.0251666666667,0.0161804065325,0.00474644395402,0.961883232354,3.73693333333,0.483498495919,SM-runs,0.961883232354,0.957294655288,0.960199671461,est,0.8
5,3,5,0.0210333333333,0.00799784693249,0.00670261901566,0.99638542181,4.68346666667,0.080865622417,SM-runs,0.99638542181,0.990731842157,0.995432570569,gt,0.3
5,3,5,0.0322,0.0161108658985,0.00617702821332,0.955960366083,2.9757,0.137090517542,SM-runs,0.955960366083,0.947823460668,0.954472013862,gt,0.8
5,5,5,0.0122,0.00810102874126,0.00371953614591,0.996391258924,4.90656666667,0.066203566537,SM-runs,0.996391258924,0.995001918718,0.99615726522,5,0.3
5,5,5,0.0222333333333,0.0112566523542,0.00370556439256,0.945325965463,3.17076666667,0.093770529604,SM-runs,0.945325965463,0.96632195088,0.948647366366,5,0.8
5,5,5,0.0119,0.00747596147663,0.00367511315605,0.997112342301,4.92763333333,0.0738274941258,SM-runs,0.997112342301,0.99493297237,0.996744749904,-5,0.3
5,5,5,0.0185333333333,0.0102980041216,0.00334136432052,0.965101769768,3.15476666667,0.0801280988307,SM-runs,0.965101769768,0.970475295698,0.965915680987,-5,0.8
5,5,5,0.0133666666667,0.00558857962475,0.0041981229345,0.997125600766,4.93446666667,0.0668758717493,SM-runs,0.997125600766,0.994226415207,0.99663971616,10,0.3
5,5,5,0.0248666666667,0.0125797014626,0.00456643777532,0.956956966879,3.2131,0.122963504071,SM-runs,0.956956966879,0.960055156617,0.95732964608,10,0.8
5,5,5,0.0143,0.008820997676,0.00454596534216,0.997318801752,4.91533333333,0.0669927027535,SM-runs,0.997318801752,0.993765685296,0.996721592529,-10,0.3
5,5,5,0.0208,0.00733212111193,0.00374854297788,0.961911147865,3.20523333333,0.0985977292955,SM-runs,0.961911147865,0.9668177476,0.962607752891,-10,0.8
5,5,5,0.0241666666667,0.0207365753092,0.00786044281976,0.996400957453,4.7823,0.177994784568,SM-runs,0.996400957453,0.989430741185,0.99521845018,est,0.3
5,5,5,0.0286666666667,0.0160900245149,0.00404526031868,0.895601149609,3.48086666667,0.78846406527,SM-runs,0.895601149609,0.961478662961,0.901592071105,est,0.8
5,5,5,0.0127,0.00780662112142,0.00398207271714,0.997101645282,4.94173333333,0.081473485803,SM-runs,0.997101645282,0.994568997076,0.996675050118,gt,0.3
5,5,5,0.0205333333333,0.010673123046,0.00362558956263,0.957044616843,3.16403333333,0.105175879153,SM-runs,0.957044616843,0.966506691683,0.958530210432,gt,0.8
5,10,5,0.0097,0.00632534584035,0.00295598118525,0.997182387563,5.54473333333,0.0577707730797,SM-runs,0.997182387563,0.996003133449,0.996983372433,5,0.3
5,10,5,0.0185333333333,0.0115577775641,0.00330111995216,0.963099315183,3.79816666667,0.101559205502,SM-runs,0.963099315183,0.970788941972,0.964261832566,5,0.8
5,10,5,0.0117333333333,0.00607142670401,0.00380533135184,0.998265865754,5.54963333333,0.073942988549,SM-runs,0.998265865754,0.99480073416,0.997684467111,-5,0.3
5,10,5,0.0188,0.0106939235082,0.00323710747145,0.958061815003,3.8289,0.123117924501,SM-runs,0.958061815003,0.971672369244,0.960210890996,-5,0.8
5,10,5,0.0107333333333,0.00714578352752,0.00324680603817,0.99702806667,5.5525,0.0822085761949,SM-runs,0.99702806667,0.995427093299,0.996758841721,10,0.3
5,10,5,0.0154666666667,0.00833359999573,0.00251844669884,0.959106053382,3.77003333333,0.0988829217925,SM-runs,0.959106053382,0.976870778424,0.961945854937,10,0.8
5,10,5,0.0100666666667,0.00634525194316,0.00310483163015,0.997471650639,5.5474,0.0821399618537,SM-runs,0.997471650639,0.995723213617,0.99717803923,-10,0.3
5,10,5,0.0177,0.00839503821711,0.00301056337586,0.959050433743,3.8113,0.125697560305,SM-runs,0.959050433743,0.973421488947,0.961349990775,-10,0.8
5,10,5,0.0257333333333,0.0209649442854,0.00857767099637,0.997073957413,5.3352,0.188325675361,SM-runs,0.997073957413,0.988746170549,0.995661524543,est,0.3
5,10,5,0.0197,0.0145582737072,0.00259726357553,0.922047962298,4.1006,0.747939284523,SM-runs,0.922047962298,0.975830686822,0.92786298787,est,0.8
5,10,5,0.0123,0.00642987817407,0.00385190355816,0.9972975036,5.576,0.0874288281976,SM-runs,0.9972975036,0.994700688757,0.996862304477,gt,0.3
5,10,5,0.0155,0.00813941029805,0.00266602280914,0.964754371188,3.7772,0.111050859219,SM-runs,0.964754371188,0.975657324725,0.966509334181,gt,0.8
6,3,5,0.0200333333333,0.0106504564326,0.00657604174972,0.997942435878,4.5494,0.0382130867636,SM-runs,0.997942435878,0.990881917194,0.996755151264,5,0.3
6,3,5,0.0243,0.0128404309377,0.00466002457269,0.967079789306,2.83606666667,0.0488889444444,SM-runs,0.967079789306,0.957978685254,0.965405431718,5,0.8
6,3,5,0.0182,0.0102352332655,0.00602439372741,0.997940153285,4.54816666667,0.0491854201523,SM-runs,0.997940153285,0.991892879016,0.996923414315,-5,0.3
6,3,5,0.0239666666667,0.0113680351082,0.00448583870888,0.962422831114,2.83726666667,0.0415843987839,SM-runs,0.962422831114,0.960430293709,0.961916447606,-5,0.8
6,3,5,0.0188333333333,0.0105706617053,0.00599345273676,0.996416040819,4.55863333333,0.0561227721656,SM-runs,0.996416040819,0.991832658012,0.995644143035,10,0.3
6,3,5,0.0226666666667,0.00941039614233,0.00426888702482,0.964809998011,2.8682,0.100274423459,SM-runs,0.964809998011,0.962166226415,0.964276639451,10,0.8
6,3,5,0.021,0.00969879717628,0.0068822889169,0.997235825536,4.56953333333,0.0739300269775,SM-runs,0.997235825536,0.99070831016,0.996138527824,-10,0.3
6,3,5,0.0218666666667,0.0107229763696,0.00408197045217,0.964892567806,2.8309,0.0425764802052,SM-runs,0.964892567806,0.96427917428,0.964655529171,-10,0.8
6,3,5,0.0401333333333,0.0172447737655,0.013305994449,0.99652154393,4.20173333333,0.13545821824,SM-runs,0.99652154393,0.981853622659,0.994035167626,est,0.3
6,3,5,0.0263,0.0128352379539,0.0045562824202,0.940937868036,3.2512,0.593515930704,SM-runs,0.940937868036,0.957557243412,0.941614487011,est,0.8
6,3,5,0.0198666666667,0.0100190928842,0.00641524220309,0.996746443439,4.57023333333,0.0558776540508,SM-runs,0.996746443439,0.991313866146,0.99583323751,gt,0.3
6,3,5,0.0212,0.011562583333,0.00396607036972,0.966273508721,2.84023333333,0.0557432706452,SM-runs,0.966273508721,0.964401976398,0.96588511282,gt,0.8
6,5,5,0.0159666666667,0.00937544073038,0.00519168991267,0.997696962329,4.8073,0.0430791132685,SM-runs,0.997696962329,0.992928987975,0.996897089149,5,0.3
6,5,5,0.0194,0.00793137230665,0.00366155449623,0.971292198675,3.1034,0.0521476110031,SM-runs,0.971292198675,0.966415067354,0.970406823256,5,0.8
6,5,5,0.0179,0.00986694819418,0.00583749256053,0.99746564424,4.7953,0.0755478435607,SM-runs,0.99746564424,0.992100432442,0.996563077585,-5,0.3
6,5,5,0.0175,0.00792779919019,0.00310700337138,0.965086880793,3.1042,0.0435977063617,SM-runs,0.965086880793,0.97154469212,0.966019713398,-5,0.8
6,5,5,0.0176333333333,0.00856926030776,0.00583756864222,0.997712810983,4.78226666667,0.0479304588846,SM-runs,0.997712810983,0.992275899829,0.996800186879,10,0.3
6,5,5,0.018,0.0102599545158,0.00326638229798,0.967697468741,3.10036666667,0.0360032251642,SM-runs,0.967697468741,0.971234613615,0.968215180729,10,0.8
6,5,5,0.0198333333333,0.0122013205114,0.00645406347555,0.997191359604,4.81446666667,0.0469366476103,SM-runs,0.997191359604,0.991214390467,0.996185037685,-10,0.3
6,5,5,0.0149666666667,0.00840826313152,0.0026878999909,0.971547295384,3.1086,0.0718881538688,SM-runs,0.971547295384,0.977355684213,0.972442233084,-10,0.8
6,5,5,0.0378333333333,0.0154985662419,0.0127517832533,0.998031991101,4.51423333333,0.130445821022,SM-runs,0.998031991101,0.982656776091,0.995427242706,est,0.3
6,5,5,0.0197333333333,0.0127956589861,0.00267087536103,0.925198185254,3.2461,0.670095184781,SM-runs,0.925198185254,0.975978848936,0.930421743686,est,0.8
6,5,5,0.0163666666667,0.00901658964847,0.00539630379244,0.997946429252,4.80476666667,0.051801984089,SM-runs,0.997946429252,0.992753030899,0.99707457269,gt,0.3
6,5,5,0.0169666666667,0.00871964576243,0.00300131757075,0.965488092706,3.10513333333,0.0473361970965,SM-runs,0.965488092706,0.972876241794,0.966628513319,gt,0.8
6,10,5,0.0132333333333,0.00806508248907,0.00433962876368,0.998277145826,5.46136666667,0.0707599148922,SM-runs,0.998277145826,0.994124176913,0.997580830042,5,0.3
6,10,5,0.0136666666667,0.00670986007471,0.00237695385412,0.970368637603,3.76673333333,0.0517255148731,SM-runs,0.970368637603,0.979045864133,0.971705382954,5,0.8
6,10,5,0.0132666666667,0.0088541264705,0.00431248208487,0.997788046088,5.468,0.0570835644764,SM-runs,0.997788046088,0.994268722711,0.997195847028,-5,0.3
6,10,5,0.0135,0.00813941029805,0.00219405286698,0.964279260457,3.76173333333,0.0493098592801,SM-runs,0.964279260457,0.9808020808,0.96690389882,-5,0.8
6,10,5,0.0138,0.00868101376568,0.00449479008502,0.99811867198,5.46826666667,0.0450118009218,SM-runs,0.99811867198,0.993866844185,0.997404649745,10,0.3
6,10,5,0.0123,0.00690482922791,0.00207025572008,0.970422065181,3.7307,0.0468324317825,SM-runs,0.970422065181,0.980821076258,0.972086645358,10,0.8
6,10,5,0.0144333333333,0.00879273690168,0.00473862713223,0.998204919812,5.47043333333,0.0678069236058,SM-runs,0.998204919812,0.993566367522,0.997426194603,-10,0.3
6,10,5,0.0124333333333,0.00634919067458,0.0020006655963,0.965919907041,3.74493333333,0.0399440720119,SM-runs,0.965919907041,0.981764668911,0.968444066218,-10,0.8
6,10,5,0.0271666666667,0.0108292299921,0.00913807264642,0.99840613946,5.13843333333,0.107931979609,SM-runs,0.99840613946,0.987522958951,0.996571310456,est,0.3
6,10,5,0.0181333333333,0.0125132818326,0.00244443927824,0.925519303913,3.761,0.592334083661,SM-runs,0.925519303913,0.977257760562,0.93076539681,est,0.8
6,10,5,0.0155,0.00962202334924,0.00502496819975,0.997614688197,5.47676666667,0.0773798782343,SM-runs,0.997614688197,0.993174077668,0.996868730128,gt,0.3
6,10,5,0.0119333333333,0.00732999924208,0.00185454074049,0.96329583487,3.77026666667,0.0412010787345,SM-runs,0.96329583487,0.983191764511,0.966490147375,gt,0.8
7,3,5,0.0394333333333,0.0179623371407,0.0132847661931,0.997775989984,4.25323333333,0.16232019454,SM-runs,0.997775989984,0.982004092733,0.995100830001,5,0.3
7,3,5,0.0174,0.0102423955531,0.00319635078534,0.970629904035,2.83663333333,0.0429429725204,SM-runs,0.970629904035,0.972478073829,0.970846533602,5,0.8
7,3,5,0.0363,0.0190020174368,0.0123366165521,0.997749119115,4.3366,0.1355026691,SM-runs,0.997749119115,0.983736660909,0.995373520645,-5,0.3
7,3,5,0.0213,0.00851332289219,0.00417294231653,0.974688526578,2.81146666667,0.0339153193836,SM-runs,0.974688526578,0.964974635461,0.972969639951,-5,0.8
7,3,5,0.0382333333333,0.0185106876035,0.0131188526985,0.998646907353,4.2029,0.141596221701,SM-runs,0.998646907353,0.982631179003,0.995930808239,10,0.3
7,3,5,0.0200666666667,0.00867922167529,0.00379406057449,0.970137437337,2.8177,0.032053236966,SM-runs,0.970137437337,0.967376056309,0.969593677118,10,0.8
7,3,5,0.0291666666667,0.0183958026614,0.00993917677787,0.998806507497,4.4316,0.100247892746,SM-runs,0.998806507497,0.986673382704,0.996752894111,-10,0.3
7,3,5,0.0203333333333,0.00995768826363,0.0038998529059,0.971981299082,2.81333333333,0.0471496435712,SM-runs,0.971981299082,0.966089856907,0.970946145812,-10,0.8
7,3,5,0.0403,0.0202914596156,0.0138463199418,0.998487708437,4.0709,0.106909104695,SM-runs,0.998487708437,0.981754662381,0.995646648549,est,0.3
7,3,5,0.0201666666667,0.00828284706822,0.00385478254186,0.972094930702,3.0817,0.401121440464,SM-runs,0.972094930702,0.965947731286,0.970970132602,est,0.8
7,3,5,0.0360666666667,0.0197499929676,0.0123284052159,0.997864222219,4.30776666667,0.185013455967,SM-runs,0.997864222219,0.983905768424,0.995497082916,gt,0.3
7,3,5,0.0218,0.00858059826974,0.00418867487136,0.970464609678,2.82806666667,0.0491676949045,SM-runs,0.970464609678,0.962906899773,0.969135533946,gt,0.8
7,5,5,0.0333,0.0170453317167,0.0113118380469,0.998109411965,4.51856666667,0.143232371419,SM-runs,0.998109411965,0.984953930707,0.995882282383,5,0.3
7,5,5,0.0141333333333,0.00840925416167,0.00260116303133,0.975599508802,3.0772,0.0506283188213,SM-runs,0.975599508802,0.977202226887,0.975794686066,5,0.8
7,5,5,0.0231666666667,0.0117134775176,0.00768843964744,0.997629995019,4.63533333333,0.131206283725,SM-runs,0.997629995019,0.989613466566,0.996282039013,-5,0.3
7,5,5,0.0149333333333,0.0068212087557,0.00270114453117,0.972477754742,3.09056666667,0.034027129699,SM-runs,0.972477754742,0.975134217882,0.972860312773,-5,0.8
7,5,5,0.0366333333333,0.0180637451512,0.0125397734077,0.998469604495,4.46293333333,0.180493570215,SM-runs,0.998469604495,0.983377977912,0.995910963072,10,0.3
7,5,5,0.014,0.0064652919501,0.00255978182828,0.975182801017,3.08123333333,0.0315950242215,SM-runs,0.975182801017,0.977158880629,0.97546214921,10,0.8
7,5,5,0.0166333333333,0.0149565667481,0.00556161487792,0.998502130362,4.69093333333,0.119967754927,SM-runs,0.998502130362,0.992541604706,0.997497257785,-10,0.3
7,5,5,0.0129,0.00737269738065,0.00229818807854,0.974270125233,3.07256666667,0.0516034128932,SM-runs,0.974270125233,0.979621549193,0.97502278575,-10,0.8
7,5,5,0.0360333333333,0.0130575223105,0.0123133150201,0.998725156637,4.3713,0.0968580232436,SM-runs,0.998725156637,0.983495083586,0.996149432948,est,0.3
7,5,5,0.0175666666667,0.0173871280614,0.00171133564437,0.903952949878,3.0831,0.631956662544,SM-runs,0.903952949878,0.983403696854,0.912378497005,est,0.8
7,5,5,0.0293,0.018475479245,0.00989139502051,0.997715951301,4.55733333333,0.168174182191,SM-runs,0.997715951301,0.986922341776,0.995892303726,gt,0.3
7,5,5,0.0109666666667,0.00820765225601,0.00197015650382,0.978819220788,3.08796666667,0.0443497338085,SM-runs,0.978819220788,0.982908714806,0.979434787168,gt,0.8
7,10,5,0.0343666666667,0.0191563450469,0.0116059583267,0.997195784913,5.20693333333,0.163834455744,SM-runs,0.997195784913,0.984748567986,0.995086915861,5,0.3
7,10,5,0.00896666666667,0.00633763012139,0.00129911613352,0.969433830476,3.75826666667,0.0368509912425,SM-runs,0.969433830476,0.988283915451,0.972482441238,5,0.8
7,10,5,0.0176333333333,0.01193449715,0.00594258989878,0.99888594845,5.36113333333,0.126114956378,SM-runs,0.99888594845,0.991943501984,0.997717202842,-5,0.3
7,10,5,0.00986666666667,0.00696052360738,0.00166836612087,0.976392938123,3.76046666667,0.0421115449992,SM-runs,0.976392938123,0.984829002106,0.977752657824,-5,0.8
7,10,5,0.0396333333333,0.0226222358655,0.0135061937575,0.998087959834,5.12023333333,0.157538288115,SM-runs,0.998087959834,0.982094972626,0.995370533604,10,0.3
7,10,5,0.0115333333333,0.00619533874959,0.00203785755146,0.976443536235,3.75426666667,0.0310847586805,SM-runs,0.976443536235,0.981679973334,0.977250254658,10,0.8
7,10,5,0.0234666666667,0.0178787272726,0.00792905937662,0.998123597258,5.34276666667,0.144210189962,SM-runs,0.998123597258,0.989566491899,0.996675641129,-10,0.3
7,10,5,0.0110666666667,0.00758038404187,0.00182192208546,0.971349941493,3.7752,0.0455656303223,SM-runs,0.971349941493,0.984153374697,0.973377477168,-10,0.8
7,10,5,0.0359333333333,0.0133439957367,0.012093581583,0.997804375338,5.00206666667,0.138768856577,SM-runs,0.997804375338,0.983638940474,0.995404255832,est,0.3
7,10,5,0.0119,0.0129572373599,0.00147969812399,0.94599235138,3.8745,0.491810447903,SM-runs,0.94599235138,0.985471734353,0.95030598974,est,0.8
7,10,5,0.0259666666667,0.0150410179916,0.00882031498509,0.998502706537,5.25083333333,0.142807348862,SM-runs,0.998502706537,0.988249914163,0.996771957707,gt,0.3
7,10,5,0.0089,0.0057,0.00141149512401,0.974563972334,3.7667,0.0510321140721,SM-runs,0.974563972334,0.987576038468,0.976642145683,gt,0.8
8,3,5,0.0452333333333,0.0189414595237,0.0154431647065,0.998668642359,4.0329,0.0518782870445,SM-runs,0.998668642359,0.979242067023,0.995366403401,5,0.3
8,3,5,0.0167333333333,0.00906617645734,0.00315635365446,0.974188643245,2.79176666667,0.042593178901,SM-runs,0.974188643245,0.972521289272,0.973828218245,5,0.8
8,3,5,0.0438333333333,0.0171582503641,0.014905276261,0.998434044585,4.05236666667,0.066727047656,SM-runs,0.998434044585,0.979872486941,0.995282528236,-5,0.3
8,3,5,0.0152333333333,0.0064170779089,0.00289338685699,0.97716796405,2.80483333333,0.0382056569401,SM-runs,0.97716796405,0.974173702909,0.976629122465,-5,0.8
8,3,5,0.0427333333333,0.0161326446134,0.014599213698,0.998650621755,4.03236666667,0.05068430614,SM-runs,0.998650621755,0.980420189035,0.995556648946,10,0.3
8,3,5,0.0193333333333,0.00905293077161,0.00381921632471,0.978479845247,2.7996,0.0341590397992,SM-runs,0.978479845247,0.966529410312,0.976366336108,10,0.8
8,3,5,0.0477333333333,0.0139330143504,0.0162053448096,0.998645807309,4.04876666667,0.0656331640424,SM-runs,0.998645807309,0.97788763162,0.995117642497,-10,0.3
8,3,5,0.0173,0.00830321222981,0.00329964693468,0.975460922011,2.80283333333,0.040530715376,SM-runs,0.975460922011,0.97076909035,0.974587345486,-10,0.8
8,3,5,0.0453333333333,0.0172014211299,0.0153912468105,0.998420542321,3.98463333333,0.0923574517237,SM-runs,0.998420542321,0.979159766528,0.99514645313,est,0.3
8,3,5,0.0174666666667,0.0106762456989,0.00308313301864,0.9639924844,3.0649,0.484227518838,SM-runs,0.9639924844,0.972617624502,0.964514157232,est,0.8
8,3,5,0.0406333333333,0.0139343301079,0.013700080393,0.998070192745,4.05616666667,0.0673686788418,SM-runs,0.998070192745,0.981281695698,0.99522464339,gt,0.3
8,3,5,0.0167333333333,0.0120247892104,0.00320283639583,0.976943428072,2.79993333333,0.0430379160999,SM-runs,0.976943428072,0.972809246113,0.97617250014,gt,0.8
8,5,5,0.0436666666667,0.0116026816824,0.0150635615726,0.999216903648,4.29143333333,0.0483264477854,SM-runs,0.999216903648,0.9799734734,0.995952833635,5,0.3
8,5,5,0.00953333333333,0.00516225618203,0.0016713804681,0.980287844705,3.0888,0.045609501934,SM-runs,0.980287844705,0.985207041505,0.981064574148,5,0.8
8,5,5,0.0388333333333,0.0132491089847,0.0133401228173,0.999199845219,4.30956666667,0.0429151747313,SM-runs,0.999199845219,0.982106583813,0.996304031733,-5,0.3
8,5,5,0.0133666666667,0.00816693877098,0.00256087645511,0.981872444412,3.08086666667,0.0478690807191,SM-runs,0.981872444412,0.977659486196,0.981096207214,-5,0.8
8,5,5,0.0424666666667,0.0143706491,0.0144806366746,0.998888197931,4.31123333333,0.0609686713722,SM-runs,0.998888197931,0.980356679076,0.995744195185,10,0.3
8,5,5,0.0130333333333,0.00927535563858,0.00244714394017,0.979684901256,3.0805,0.0559754410434,SM-runs,0.979684901256,0.978202278645,0.979372760784,10,0.8
8,5,5,0.0453,0.0186085105978,0.0154352841632,0.999276907769,4.31223333333,0.0610014662847,SM-runs,0.999276907769,0.978893490133,0.995810497661,-10,0.3
8,5,5,0.0125666666667,0.00720501368647,0.00237255400343,0.981442094058,3.09396666667,0.042581281751,SM-runs,0.981442094058,0.978785676169,0.98093744444,-10,0.8
8,5,5,0.0414666666667,0.0138148068712,0.0141329316678,0.998490220703,4.2634,0.112113513904,SM-runs,0.998490220703,0.981005338373,0.995526930403,est,0.3
8,5,5,0.0149,0.0133849417879,0.00177519809091,0.930022472901,3.02853333333,0.533426579349,SM-runs,0.930022472901,0.982847802472,0.935751695037,est,0.8
8,5,5,0.0415,0.0163905460556,0.014198474044,0.999200538868,4.3147,0.0482529101022,SM-runs,0.999200538868,0.980791285641,0.996076938122,gt,0.3
8,5,5,0.0106,0.0050106553131,0.00192792885045,0.981189667028,3.08513333333,0.0373467832915,SM-runs,0.981189667028,0.982751517765,0.981406994913,gt,0.8
8,10,5,0.0384333333333,0.0158528301013,0.0131338576183,0.998968984427,5.00246666667,0.0510200831917,SM-runs,0.998968984427,0.982289281482,0.996143342071,5,0.3
8,10,5,0.00746666666667,0.00548776416727,0.00115005716386,0.977145350009,3.77533333333,0.0383452155497,SM-runs,0.977145350009,0.989672908991,0.979164224137,5,0.8
8,10,5,0.0385,0.0144954015697,0.01321539502,0.999198566039,5.00886666667,0.0642052611205,SM-runs,0.999198566039,0.982242272992,0.996324564884,-5,0.3
8,10,5,0.00816666666667,0.00442028153955,0.0012524352658,0.975443577348,3.7733,0.0319020897957,SM-runs,0.975443577348,0.98803730636,0.977443663171,-5,0.8
8,10,5,0.0438,0.0131336717384,0.0151185558314,0.998913202235,5.0033,0.0478965204025,SM-runs,0.998913202235,0.980069155493,0.995717061683,10,0.3
8,10,5,0.00856666666667,0.00868594010776,0.00141990539556,0.978130330321,3.7708,0.0493669255001,SM-runs,0.978130330321,0.988131798511,0.979739305731,10,0.8
8,10,5,0.0359666666667,0.015408835849,0.0124858800145,0.999306154911,4.9934,0.0565871599099,SM-runs,0.999306154911,0.983632709942,0.996651934604,-10,0.3
8,10,5,0.00913333333333,0.00618456860976,0.00155368073846,0.978489164818,3.7802,0.0360401627817,SM-runs,0.978489164818,0.985807124788,0.979646677076,-10,0.8
8,10,5,0.0411333333333,0.0168972055546,0.0140682555244,0.998883931915,4.98873333333,0.101064973601,SM-runs,0.998883931915,0.981083029489,0.995862891405,est,0.3
8,10,5,0.0156333333333,0.0158734229313,0.00111184260215,0.895655964119,3.59763333333,0.54929381836,SM-runs,0.895655964119,0.989639347069,0.905590337825,est,0.8
8,10,5,0.0423666666667,0.0150365850142,0.0145613834627,0.99950744706,5.01696666667,0.0805036162059,SM-runs,0.99950744706,0.980345796196,0.996254234173,gt,0.3
8,10,5,0.00663333333333,0.00516064164831,0.00103732407058,0.980465773026,3.77453333333,0.0348317224508,SM-runs,0.980465773026,0.990582138737,0.982089395163,gt,0.8
9,3,5,0.0413,0.0138230483855,0.0140591732573,0.998470948349,4.01166666667,0.0447275704187,SM-runs,0.998470948349,0.981055548847,0.995518345758,5,0.3
9,3,5,0.0159333333333,0.010382463848,0.00311855859851,0.980797029236,2.79833333333,0.0364383802543,SM-runs,0.980797029236,0.972865814082,0.979395382229,5,0.8
9,3,5,0.0369666666667,0.0157342160769,0.0125221001953,0.99847616275,4.01176666667,0.0514889524289,SM-runs,0.99847616275,0.982976124479,0.995849929333,-5,0.3
9,3,5,0.0156666666667,0.0083039481908,0.00307716150815,0.981961254384,2.78263333333,0.0478842237996,SM-runs,0.981961254384,0.972786695745,0.980367282834,-5,0.8
9,3,5,0.0373666666667,0.0165257038848,0.0127213860185,0.998357159178,3.99846666667,0.0490657608612,SM-runs,0.998357159178,0.982989231905,0.995754710237,10,0.3
9,3,5,0.0168666666667,0.00868613198661,0.0033061086896,0.979805657084,2.8104,0.0388420734084,SM-runs,0.979805657084,0.971424926477,0.97831304016,10,0.8
9,3,5,0.0426333333333,0.0127422743478,0.014553556178,0.998491153466,4.0205,0.0617963051754,SM-runs,0.998491153466,0.980491919866,0.99543940523,-10,0.3
9,3,5,0.0173,0.00775521330031,0.00341648096564,0.98085465317,2.79286666667,0.0336201659061,SM-runs,0.98085465317,0.970495319698,0.979034279659,-10,0.8
9,3,5,0.0368,0.0129881997726,0.0125072650213,0.998505681874,3.94763333333,0.0797155289486,SM-runs,0.998505681874,0.983124228733,0.995901881968,est,0.3
9,3,5,0.0143333333333,0.00843537524687,0.00270798229436,0.978230847057,2.8031,0.160136056735,SM-runs,0.978230847057,0.976006916693,0.977805531126,est,0.8
9,3,5,0.0432666666667,0.0162786840855,0.0147722096191,0.998572678796,4.00596666667,0.0556054453768,SM-runs,0.998572678796,0.980172965465,0.995449765877,gt,0.3
9,3,5,0.0193,0.00927415764369,0.0037766404138,0.976936030016,2.7912,0.0467414163243,SM-runs,0.976936030016,0.966275032806,0.975074406722,gt,0.8
9,5,5,0.0373333333333,0.0121719166755,0.0127040595629,0.998805052538,4.3006,0.0396472781748,SM-runs,0.998805052538,0.982761949913,0.99608954825,5,0.3
9,5,5,0.0100666666667,0.00591006674149,0.00175439014454,0.978409444583,3.09983333333,0.0338300491017,SM-runs,0.978409444583,0.985189784214,0.979480902471,5,0.8
9,5,5,0.0405666666667,0.0132933149448,0.0139431866055,0.998672931117,4.31053333333,0.0451322008721,SM-runs,0.998672931117,0.981533765619,0.995768475385,-5,0.3
9,5,5,0.00796666666667,0.00541899949765,0.0012991039089,0.978918583358,3.06993333333,0.0415483119058,SM-runs,0.978918583358,0.988476398605,0.980447542243,-5,0.8
9,5,5,0.0350666666667,0.0131070803597,0.012009541291,0.999031551121,4.29153333333,0.0565966626421,SM-runs,0.999031551121,0.983852639221,0.996464046379,10,0.3
9,5,5,0.0102333333333,0.00753959916412,0.00185769985043,0.981175263102,3.07,0.0387367181539,SM-runs,0.981175263102,0.983874168159,0.981583618007,10,0.8
9,5,5,0.0354666666667,0.0139181735711,0.0121192976259,0.998902164272,4.31053333333,0.03959691346,SM-runs,0.998902164272,0.983691472383,0.996328478437,-10,0.3
9,5,5,0.0103333333333,0.00488762609954,0.00185251936406,0.98026466149,3.07003333333,0.0404594309841,SM-runs,0.98026466149,0.983261624733,0.980718439789,-10,0.8
9,5,5,0.0364666666667,0.0129967517309,0.0124887999119,0.998516160919,4.2002,0.111898585037,SM-runs,0.998516160919,0.983450265033,0.995966853384,est,0.3
9,5,5,0.0144,0.0152459830775,0.00177870662129,0.938253536741,3.0515,0.454944886772,SM-runs,0.938253536741,0.982904607861,0.942967566487,est,0.8
9,5,5,0.0346333333333,0.0147613986088,0.0119665911274,0.999303237567,4.29423333333,0.0539862225223,SM-runs,0.999303237567,0.984149579472,0.996738763155,gt,0.3
9,5,5,0.0099,0.00419801540413,0.00181742906622,0.982904197285,3.07566666667,0.0260874597375,SM-runs,0.982904197285,0.983749503075,0.983018095589,gt,0.8
9,10,5,0.0337,0.0144756116739,0.0114500614063,0.999121968321,5.03926666667,0.046750353534,SM-runs,0.999121968321,0.984295813439,0.996614053342,5,0.3
9,10,5,0.007,0.00547722557505,0.00107744967378,0.979082161101,3.8147,0.0422249136569,SM-runs,0.979082161101,0.990584119373,0.980907551499,5,0.8
9,10,5,0.0404666666667,0.0127010060844,0.0140059090162,0.999282256355,5.01753333333,0.0513814060618,SM-runs,0.999282256355,0.98148740318,0.996266046694,-5,0.3
9,10,5,0.005,0.00394123500103,0.000777639584468,0.984913734349,3.7943,0.0307280002603,SM-runs,0.984913734349,0.992846630531,0.986210209045,-5,0.8
9,10,5,0.0360333333333,0.0130370838593,0.0123598873173,0.999123813325,5.0276,0.0501674529285,SM-runs,0.999123813325,0.983398476997,0.996462597841,10,0.3
9,10,5,0.00786666666667,0.00463848634315,0.00122374335618,0.976917728226,3.8211,0.0288020253917,SM-runs,0.976917728226,0.989006899267,0.978873016039,10,0.8
9,10,5,0.0333333333333,0.0116026816824,0.0114278340406,0.99919862203,5.04293333333,0.0425166111329,SM-runs,0.99919862203,0.984611517259,0.996733361509,-10,0.3
9,10,5,0.00646666666667,0.00427966769219,0.00100583789457,0.981172214863,3.80903333333,0.0406509395819,SM-runs,0.981172214863,0.991298911126,0.982821871709,-10,0.8
9,10,5,0.0400666666667,0.0159058340101,0.0137134239051,0.998645214567,4.9804,0.080973081947,SM-runs,0.998645214567,0.9817022071,0.995773033164,est,0.3
9,10,5,0.0132666666667,0.0160518603975,0.000856403928129,0.908288599601,3.665,0.502375689433,SM-runs,0.908288599601,0.992371114992,0.917120354172,est,0.8
9,10,5,0.0296333333333,0.00993137564601,0.010051574151,0.99927714449,5.04066666667,0.0511985242843,SM-runs,0.99927714449,0.986095381545,0.997052320038,gt,0.3
9,10,5,0.00636666666667,0.00408642739919,0.000965823078243,0.980541319144,3.81143333333,0.0387011484182,SM-runs,0.980541319144,0.991492441588,0.982309270078,gt,0.8
10,3,5,0.0347333333333,0.015620357088,0.011796032135,0.998637274213,4.00026666667,0.05368856696,SM-runs,0.998637274213,0.984014604952,0.996162815786,5,0.3
10,3,5,0.0145333333333,0.00758829508007,0.00281407787916,0.981067962364,2.7911,0.0369687706044,SM-runs,0.981067962364,0.974700637914,0.979946516869,5,0.8
10,3,5,0.0340333333333,0.013509214962,0.0116703272284,0.998738705871,4.00643333333,0.0569038272487,SM-runs,0.998738705871,0.98449657373,0.996330960392,-5,0.3
10,3,5,0.015,0.00979795897113,0.00289035413672,0.980330105865,2.7785,0.0342916413528,SM-runs,0.980330105865,0.974421585942,0.979241880611,-5,0.8
10,3,5,0.0414666666667,0.0140706155595,0.0140263624058,0.998090573273,4.01363333333,0.0495718221932,SM-runs,0.998090573273,0.980982319836,0.995191980288,10,0.3
10,3,5,0.0152333333333,0.00822469182131,0.00300906562674,0.983050244239,2.7861,0.0426304664139,SM-runs,0.983050244239,0.973892848468,0.981443236806,10,0.8
10,3,5,0.0387666666667,0.0138580502076,0.0132883272246,0.998971604912,3.9992,0.105422767939,SM-runs,0.998971604912,0.982191372076,0.996128930863,-10,0.3
10,3,5,0.0113,0.00646606526413,0.00211096367476,0.98212116129,2.7897,0.0385159274413,SM-runs,0.98212116129,0.98099859696,0.981873879538,-10,0.8
10,3,5,0.0389333333333,0.0123124146923,0.0133954219543,0.998591840322,3.92766666667,0.0642662863059,SM-runs,0.998591840322,0.982376339116,0.995847347438,est,0.3
10,3,5,0.0174666666667,0.0130095691277,0.00286291373441,0.956534875238,2.81666666667,0.432437458548,SM-runs,0.956534875238,0.974518880105,0.958036910281,est,0.8
10,3,5,0.0384,0.0126137491122,0.0130606447413,0.998267094759,3.98906666667,0.104322555354,SM-runs,0.998267094759,0.982486044104,0.995595965643,gt,0.3
10,3,5,0.0136,0.00791454357496,0.00259583379698,0.980601245099,2.79836666667,0.0378598145209,SM-runs,0.980601245099,0.976988481942,0.979962084423,gt,0.8
10,5,5,0.0328666666667,0.0133284991236,0.0114125104423,0.999536684112,4.28896666667,0.044425580719,SM-runs,0.999536684112,0.984958497156,0.997071505707,5,0.3
10,5,5,0.00906666666667,0.00775857948052,0.0016369272153,0.983397270003,3.0794,0.0361290280338,SM-runs,0.983397270003,0.985845069516,0.983768732137,5,0.8
10,5,5,0.0382666666667,0.0146559051428,0.0129936104167,0.998569718493,4.31153333333,0.0378344933743,SM-runs,0.998569718493,0.98238582605,0.995828009631,-5,0.3
10,5,5,0.00926666666667,0.00657740239169,0.00170776243169,0.984200123482,3.07716666667,0.0352184452935,SM-runs,0.984200123482,0.985012786248,0.984276698949,-5,0.8
10,5,5,0.0303666666667,0.0129163548349,0.010285496224,0.998739657114,4.31186666667,0.036558385571,SM-runs,0.998739657114,0.985982321898,0.996585574445,10,0.3
10,5,5,0.00973333333333,0.00659258843113,0.00189584471359,0.98813397259,3.08673333333,0.0397558660941,SM-runs,0.98813397259,0.983566572788,0.987325155885,10,0.8
10,5,5,0.0385666666667,0.0131749341133,0.0131830189941,0.999042782811,4.3075,0.0528379598395,SM-runs,0.999042782811,0.982170991393,0.996186091854,-10,0.3
10,5,5,0.00966666666667,0.00622539601596,0.00170643037288,0.980379955076,3.09403333333,0.0424550612086,SM-runs,0.980379955076,0.984802066655,0.981078941483,-10,0.8
10,5,5,0.0336666666667,0.017541062935,0.0115474051831,0.999216685583,4.20213333333,0.121774856007,SM-runs,0.999216685583,0.984490467708,0.996722171103,est,0.3
10,5,5,0.0151333333333,0.0158739479091,0.00144271798375,0.909880661641,2.9767,0.538288222052,SM-runs,0.909880661641,0.985400180568,0.91764837519,est,0.8
10,5,5,0.0335333333333,0.0140516507532,0.0114126411715,0.999140072509,4.28676666667,0.0958511635587,SM-runs,0.999140072509,0.984409698185,0.996648236979,gt,0.3
10,5,5,0.00993333333333,0.00589312216816,0.00170419201893,0.977583155358,3.10103333333,0.0364705208201,SM-runs,0.977583155358,0.984662600051,0.978706050131,gt,0.8
10,10,5,0.0312666666667,0.015528325373,0.0108248934349,0.999383006607,5.0441,0.0506750102779,SM-runs,0.999383006607,0.985717516261,0.997072154517,5,0.3
10,10,5,0.00496666666667,0.00372812136188,0.000777954159097,0.985469200414,3.8308,0.03822773862,SM-runs,0.985469200414,0.993014998004,0.986672741313,5,0.8
10,10,5,0.0328666666667,0.0152265849385,0.0111647587105,0.998715626144,5.04436666667,0.0544778140367,SM-runs,0.998715626144,0.98485814069,0.996370341377,-5,0.3
10,10,5,0.00563333333333,0.00475733352018,0.000893731816932,0.984254085147,3.8389,0.0308635167579,SM-runs,0.984254085147,0.992295555129,0.985564279911,-5,0.8
10,10,5,0.0342333333333,0.0123576786745,0.0116023684143,0.998644241781,5.05296666667,0.0432299921608,SM-runs,0.998644241781,0.984188401829,0.996200635905,10,0.3
10,10,5,0.00536666666667,0.0044757370591,0.000702162164932,0.978464384108,3.84336666667,0.0360799882976,SM-runs,0.978464384108,0.993489240529,0.98087264897,10,0.8
10,10,5,0.0313,0.0120309323551,0.0105990682569,0.998900338286,5.06023333333,0.0435351837279,SM-runs,0.998900338286,0.985458974686,0.996630352165,-10,0.3
10,10,5,0.00646666666667,0.00518802038889,0.00100505984921,0.981243302108,3.84666666667,0.0394160147938,SM-runs,0.981243302108,0.991280656908,0.982855163666,-10,0.8
10,10,5,0.0327666666667,0.0112684909766,0.0112188213878,0.998973572115,4.97696666667,0.124888879498,SM-runs,0.998973572115,0.984943564319,0.996604153856,est,0.3
10,10,5,0.00903333333333,0.0154951246813,0.000668478401854,0.93917527609,3.7424,0.392975283362,SM-runs,0.93917527609,0.99344959781,0.944229687962,est,0.8
10,10,5,0.0340333333333,0.0148828387376,0.0114700021896,0.998325644264,5.07313333333,0.0451654243372,SM-runs,0.998325644264,0.984326979612,0.995958830562,gt,0.3
10,10,5,0.00613333333333,0.0056611738084,0.000920852011038,0.979619513314,3.8421,0.0314858169128,SM-runs,0.979619513314,0.991157757157,0.981488133075,gt,0.8
