Nt,J,lr,loss_mean,loss_std,FPR,TPR,price_mean,price_std,alg,recall,precision,f_beta,pow_term,theta,M
1,5,5,0.4124,0.006666333325,0.00345498568833,0.0498750239833,3.6661,0.441434355256,SM-runs,0.0498750239833,0.916655564914,0.0591912790266,10,0.3,3
1,5,5,0.0329,0.0114843371598,0.0103783897878,0.993148719932,11.5884,0.231011341713,SM-runs,0.993148719932,0.985884599406,0.991925103417,10,0.3,5
1,5,5,0.0358,0.0131969693491,0.0112439439145,0.992315369004,11.6486,0.317019620844,SM-runs,0.992315369004,0.984715489708,0.991031502358,10,0.3,10
1,5,5,0.0374,0.0122245654319,0.0118331451945,0.991945813297,11.6,0.28086153172,SM-runs,0.991945813297,0.984156506914,0.990631261524,10,0.3,100
1,5,5,0.0715,0.0388825153507,0.00700645090234,0.590684113404,6.8089,2.82083453786,SM-runs,0.590684113404,0.76050507701,0.590792479067,10,0.8,3
1,5,5,0.0357,0.0188204675819,0.00686550336015,0.954728083331,8.9818,0.522283601121,SM-runs,0.954728083331,0.937979077219,0.951531205583,10,0.8,5
1,5,5,0.0333,0.00738985791474,0.00626061907734,0.949660115676,8.8497,0.481928635796,SM-runs,0.949660115676,0.946709248865,0.949145393898,10,0.8,10
1,5,5,0.0399,0.0183327575667,0.00789824910531,0.957971088868,9.0834,0.355371974134,SM-runs,0.957971088868,0.932765951355,0.953302867702,10,0.8,100
1,5,5,0.3424,0.15083182688,0.006463543009,0.236808994326,5.496,3.31541047232,SM-runs,0.236808994326,0.903348974924,0.243755701269,-10,0.3,3
1,5,5,0.0488,0.0139699677881,0.0156360075587,0.990958788435,11.6944,0.153546214541,SM-runs,0.990958788435,0.97902820755,0.988938329201,-10,0.3,5
1,5,5,0.0361,0.0126684647847,0.0114586788756,0.992663403882,11.6951,0.212338150129,SM-runs,0.992663403882,0.984588678683,0.991297893196,-10,0.3,10
1,5,5,0.0424,0.0168059513268,0.0133889361935,0.991804935195,11.4614,0.212065650212,SM-runs,0.991804935195,0.981555037042,0.990066638917,-10,0.3,100
1,5,5,0.0717,0.0294314457681,0.00677492945317,0.579163763175,6.707,2.74272102118,SM-runs,0.579163763175,0.838038825476,0.581144038744,-10,0.8,3
1,5,5,0.0339,0.0209926177501,0.00651362659737,0.953495806936,8.6157,0.470597503181,SM-runs,0.953495806936,0.939665983006,0.950945794603,-10,0.8,5
1,5,5,0.0425,0.0210724939198,0.0083771794451,0.950458594781,9.2953,0.521165050632,SM-runs,0.950458594781,0.930902148836,0.946894330022,-10,0.8,10
1,5,5,0.0356,0.0215879596072,0.00702035016658,0.959451707941,8.807,0.425953988125,SM-runs,0.959451707941,0.941210439205,0.956064658965,-10,0.8,100
1,5,5,0.3384,0.154960123903,0.00539151740253,0.237337131289,5.0877,3.18109232969,SM-runs,0.237337131289,0.907861253733,0.244657404731,gt,0.3,3
1,5,5,0.0317,0.0140288987451,0.0101620784767,0.99357360613,11.6305,0.281661232689,SM-runs,0.99357360613,0.986592676525,0.992393987749,gt,0.3,5
1,5,5,0.0351,0.00884816365129,0.0109521377055,0.992421585183,11.7682,0.342332236285,SM-runs,0.992421585183,0.984702382464,0.991122302406,gt,0.3,10
1,5,5,0.0253,0.0113934191532,0.00798610981941,0.994580395222,11.5159,0.226912516182,SM-runs,0.994580395222,0.989196386733,0.993675962448,gt,0.3,100
1,5,5,0.0595,0.0331006042241,0.00661500539692,0.688263392118,7.5436,2.83222856422,SM-runs,0.688263392118,0.854303197971,0.689169987236,gt,0.8,3
1,5,5,0.0324,0.00885663593019,0.00599038636838,0.945549651535,9.0696,0.44298401777,SM-runs,0.945549651535,0.945040004791,0.945382639039,gt,0.8,5
1,5,5,0.0386,0.0166084315936,0.00734638090619,0.944431847682,8.7772,0.598354209478,SM-runs,0.944431847682,0.935877614328,0.942910053417,gt,0.8,10
1,5,5,0.0406,0.0179510445379,0.00790786367074,0.947913556801,9.0661,0.565179697088,SM-runs,0.947913556801,0.932308550634,0.944983487358,gt,0.8,100
1,5,5,0.3098,0.156742974324,0.00875619654491,0.329831366584,5.7863,3.67575146195,SM-runs,0.329831366584,0.936775065798,0.335405582125,est,0.3,3
1,5,5,0.0483,0.0188098378515,0.0150847467751,0.988654790605,11.3809,0.447048196507,SM-runs,0.988654790605,0.979677249029,0.987138814821,est,0.3,5
1,5,5,0.0509,0.0247768036679,0.0163821345498,0.992988296571,11.203,0.256695539502,SM-runs,0.992988296571,0.977292457981,0.990318386076,est,0.3,10
1,5,5,0.0455,0.0183480244168,0.0148206806396,0.994025424068,11.4102,0.380503561087,SM-runs,0.994025424068,0.979844948272,0.991624376023,est,0.3,100
1,5,5,0.0598,0.0339523195084,0.00676089459249,0.706911263607,7.4568,2.61861424421,SM-runs,0.706911263607,0.883866360627,0.712239283615,est,0.8,3
1,5,5,0.04,0.0275535841589,0.00592611852277,0.872243520289,9.289,1.46674312679,SM-runs,0.872243520289,0.914244817095,0.871077650041,est,0.8,5
1,5,5,0.0334,0.0113595774569,0.0067782260238,0.971150337974,9.6819,0.373633898355,SM-runs,0.971150337974,0.941268032812,0.965919602619,est,0.8,10
1,5,5,0.044,0.0135941163744,0.00903837512614,0.966835902553,9.9072,0.70689826708,SM-runs,0.966835902553,0.925327169462,0.959524609548,est,0.8,100
2,5,5,0.2553,0.183265408629,0.00492392897562,0.431354411125,5.3532,2.39535299278,SM-runs,0.431354411125,0.974975718617,0.43714917004,10,0.3,3
2,5,5,0.0247,0.0116107708616,0.00788484741489,0.995927945834,8.1909,0.21263934255,SM-runs,0.995927945834,0.989031607985,0.994769368983,10,0.3,5
2,5,5,0.0217,0.0125940462124,0.00693336744786,0.995900339266,8.1806,0.11660120068,SM-runs,0.995900339266,0.990593112281,0.995009073527,10,0.3,10
2,5,5,0.026,0.0111445053726,0.00808748352457,0.993970650801,8.1655,0.246598965935,SM-runs,0.993970650801,0.988816818218,0.993104491839,10,0.3,100
2,5,5,0.0349,0.0355146448666,0.00411104795461,0.840025201411,5.6874,0.770276859317,SM-runs,0.840025201411,0.915568637669,0.846748737287,10,0.8,3
2,5,5,0.0242,0.00666033032214,0.00400123879973,0.937674404578,5.9453,0.35055243545,SM-runs,0.937674404578,0.962911607333,0.941633700509,10,0.8,5
2,5,5,0.0205,0.0118595952713,0.0037793353529,0.963571849024,6.279,0.579647479077,SM-runs,0.963571849024,0.965828249926,0.963811901026,10,0.8,10
2,5,5,0.0216,0.00705974503789,0.00379639199753,0.95492486836,6.3447,0.343881971031,SM-runs,0.95492486836,0.967155312772,0.956658704705,10,0.8,100
2,5,5,0.3325,0.158709955579,0.00381713426446,0.235444833621,4.365,1.92515807143,SM-runs,0.235444833621,0.92232012609,0.242124390927,-10,0.3,3
2,5,5,0.0274,0.0156601404847,0.00891738713873,0.995429758536,7.926,0.432797181137,SM-runs,0.995429758536,0.988177302513,0.994205034816,-10,0.3,5
2,5,5,0.0203,0.00734914961067,0.00623223825833,0.994585547167,8.1864,0.175778383199,SM-runs,0.994585547167,0.99149289873,0.994066927956,-10,0.3,10
2,5,5,0.0248,0.0114350338871,0.00813500561363,0.996940081121,8.1677,0.210372075143,SM-runs,0.996940081121,0.988963649132,0.995597230051,-10,0.3,100
2,5,5,0.0214,0.00997196068985,0.00322065337092,0.932262083448,6.034,0.203801373891,SM-runs,0.932262083448,0.970103466238,0.938233382636,-10,0.8,3
2,5,5,0.0238,0.00565331761004,0.0039017394394,0.938118954496,5.9199,0.124472848445,SM-runs,0.938118954496,0.964519167142,0.942340997998,-10,0.8,5
2,5,5,0.0247,0.0115676272416,0.0040087758202,0.935704332271,5.916,0.308681713096,SM-runs,0.935704332271,0.964542571068,0.940019668394,-10,0.8,10
2,5,5,0.0226,0.0104613574645,0.00354010181367,0.931322243176,5.8122,0.346752591915,SM-runs,0.931322243176,0.965382793035,0.936745953973,-10,0.8,100
2,5,5,0.2872,0.174558758016,0.00308847452309,0.336482645346,4.8866,2.27184661454,SM-runs,0.336482645346,0.972004920672,0.343229399837,gt,0.3,3
2,5,5,0.0275,0.00745989276062,0.00887003353991,0.995284879913,8.2044,0.122300613245,SM-runs,0.995284879913,0.988091526474,0.994074631633,gt,0.3,5
2,5,5,0.0185,0.00820060973343,0.00606901906077,0.997665242331,8.2162,0.126656069732,SM-runs,0.997665242331,0.991776623676,0.996677012595,gt,0.3,10
2,5,5,0.0174,0.0108092552935,0.00532218605044,0.995455237134,8.1183,0.217066833026,SM-runs,0.995455237134,0.992592750603,0.994975606407,gt,0.3,100
2,5,5,0.031,0.0299666481275,0.00358111399326,0.865443324484,5.7569,0.845624910939,SM-runs,0.865443324484,0.950857604743,0.868683981847,gt,0.8,3
2,5,5,0.0241,0.00814186710773,0.00411824777614,0.943780501979,5.9768,0.467813381596,SM-runs,0.943780501979,0.962508060371,0.946708488018,gt,0.8,5
2,5,5,0.0288,0.0157213230995,0.00479181528997,0.929604896345,5.8948,0.138593506341,SM-runs,0.929604896345,0.957221946251,0.93392267971,gt,0.8,10
2,5,5,0.0241,0.0084669947443,0.00401172246209,0.9415212826,5.9358,0.126414239704,SM-runs,0.9415212826,0.964126786579,0.945118460575,gt,0.8,100
2,5,5,0.26,0.171392531926,0.00821371035017,0.42494094016,5.173,2.16963577588,SM-runs,0.42494094016,0.958157524441,0.428479114934,est,0.3,3
2,5,5,0.0415,0.0167943442861,0.0139807055034,0.99649379488,7.8632,0.308424642336,SM-runs,0.99649379488,0.981618745104,0.993975172594,est,0.3,5
2,5,5,0.0504,0.0181890076695,0.0172823663473,0.997851122991,7.8356,0.327319171452,SM-runs,0.997851122991,0.977342620452,0.99436138158,est,0.3,10
2,5,5,0.0329,0.0109494292089,0.0107939211295,0.995484091745,7.7864,0.347038960349,SM-runs,0.995484091745,0.985566013847,0.993812482752,est,0.3,100
2,5,5,0.0656,0.0433870948555,0.00188123346155,0.418121795262,4.4777,1.34275940138,SM-runs,0.418121795262,0.8706467919,0.426872215872,est,0.8,3
2,5,5,0.0217,0.0130770791846,0.00422759336207,0.972899543459,6.3396,0.410449314776,SM-runs,0.972899543459,0.963655857321,0.971029068708,est,0.8,5
2,5,5,0.0288,0.015967466925,0.00478251929413,0.93447517534,5.9849,1.2280943327,SM-runs,0.93447517534,0.957442054582,0.93591522945,est,0.8,10
2,5,5,0.0261,0.0155141870557,0.0044626421929,0.9392598781,6.1583,0.847788658806,SM-runs,0.9392598781,0.961421564176,0.940680541063,est,0.8,100
3,5,5,0.035,0.0141209064865,0.0113589053773,0.995167336919,5.8492,0.300449596438,SM-runs,0.995167336919,0.984405164703,0.993354073726,10,0.3,3
3,5,5,0.0333,0.0108724422279,0.010632954831,0.994456793741,5.7419,0.216867447995,SM-runs,0.994456793741,0.985256242255,0.992908604332,10,0.3,5
3,5,5,0.0334,0.0132227077409,0.0110438732963,0.995522895657,5.9071,0.214645964323,SM-runs,0.995522895657,0.985496126744,0.99382507191,10,0.3,10
3,5,5,0.0363,0.0103445637897,0.0114235012001,0.993211059486,5.861,0.336071123425,SM-runs,0.993211059486,0.983936698349,0.991650605406,10,0.3,100
3,5,5,0.0219,0.00893812060782,0.00354622257808,0.939173643247,4.192,0.497607274866,SM-runs,0.939173643247,0.966079493511,0.943516965933,10,0.8,3
3,5,5,0.0238,0.00727736215946,0.00402025534985,0.942841513102,4.3577,0.529237007398,SM-runs,0.942841513102,0.964580453876,0.946306425309,10,0.8,5
3,5,5,0.0191,0.00782879301042,0.00288152551707,0.939244924904,3.9897,0.498661017125,SM-runs,0.939244924904,0.972602210802,0.944544783398,10,0.8,10
3,5,5,0.0267,0.0123048770819,0.0041164241684,0.918180320231,4.1809,0.504446121999,SM-runs,0.918180320231,0.961674219434,0.925087109039,10,0.8,100
3,5,5,0.0321,0.0134643974986,0.0100990218279,0.993672208108,5.6127,0.372662863725,SM-runs,0.993672208108,0.985937843767,0.992361462421,-10,0.3,3
3,5,5,0.0399,0.00751598296965,0.0132671306051,0.995561347174,5.7816,0.303412326711,SM-runs,0.995561347174,0.982440850664,0.993348778191,-10,0.3,5
3,5,5,0.0394,0.0168237926759,0.0128767576704,0.995423658502,5.7635,0.310756254965,SM-runs,0.995423658502,0.982323471797,0.993203451247,-10,0.3,10
3,5,5,0.0397,0.0192460385534,0.0129864324542,0.994849197358,5.8026,0.346012196317,SM-runs,0.994849197358,0.982499692278,0.992755857881,-10,0.3,100
3,5,5,0.0226,0.00867409937688,0.00323046329737,0.921133613293,3.8669,0.150131575626,SM-runs,0.921133613293,0.970406447301,0.928895026296,-10,0.8,3
3,5,5,0.023,0.00909945053286,0.00356139706058,0.929280429195,3.7385,0.0963319780758,SM-runs,0.929280429195,0.967060779222,0.935338708626,-10,0.8,5
3,5,5,0.0285,0.013070960179,0.00413175708483,0.900121639178,3.8625,0.163665054303,SM-runs,0.900121639178,0.961941085489,0.909705114854,-10,0.8,10
3,5,5,0.0216,0.00585149553533,0.00312166812758,0.928025717354,3.8007,0.104989570911,SM-runs,0.928025717354,0.971667185826,0.934881224651,-10,0.8,100
3,5,5,0.0409,0.0118781311661,0.0133312822252,0.994291231363,5.7376,0.275087695108,SM-runs,0.994291231363,0.981978139782,0.992213061191,gt,0.3,3
3,5,5,0.0318,0.0179432438539,0.0102148611684,0.994583776657,5.9126,0.265746194705,SM-runs,0.994583776657,0.986178235881,0.993167199221,gt,0.3,5
3,5,5,0.0326,0.00510294032887,0.0103170691342,0.993755879229,5.6408,0.262185354282,SM-runs,0.993755879229,0.985768674104,0.992412231359,gt,0.3,10
3,5,5,0.0401,0.0100940576578,0.0129103113814,0.993764874511,5.7349,0.29046082352,SM-runs,0.993764874511,0.982305640626,0.991832861094,gt,0.3,100
3,5,5,0.0194,0.0078,0.00288077835239,0.935925781588,3.9383,0.294535923106,SM-runs,0.935925781588,0.972317788623,0.941644884234,gt,0.8,3
3,5,5,0.0155,0.00640702739186,0.00200064496191,0.935112994151,3.7567,0.104665228228,SM-runs,0.935112994151,0.9812503499,0.942275162356,gt,0.8,5
3,5,5,0.0235,0.00576628129734,0.00344919190762,0.922493044184,3.9108,0.374575439665,SM-runs,0.922493044184,0.967960715098,0.929627500585,gt,0.8,10
3,5,5,0.0197,0.00558659108939,0.00312645043227,0.945962845799,3.8581,0.282530511627,SM-runs,0.945962845799,0.97247415166,0.950106101067,gt,0.8,100
3,5,5,0.0326,0.0103460137251,0.0103306501355,0.99376391055,5.8813,0.147907437271,SM-runs,0.99376391055,0.985801041802,0.992422963673,est,0.3,3
3,5,5,0.0364,0.00806473806146,0.0114944162999,0.994133481798,5.7535,0.29133185545,SM-runs,0.994133481798,0.983537197907,0.992340551622,est,0.3,5
3,5,5,0.0321,0.00963794583923,0.0102233569868,0.994878967334,5.9378,0.106032825106,SM-runs,0.994878967334,0.985620334498,0.99331867389,est,0.3,10
3,5,5,0.0318,0.0143513065607,0.0102918392745,0.994619924747,5.9657,0.145113093827,SM-runs,0.994619924747,0.986303014615,0.99321801877,est,0.3,100
3,5,5,0.0267,0.0257955422506,0.00291891577703,0.870408761481,4.7075,0.528389108518,SM-runs,0.870408761481,0.966794887996,0.874270650253,est,0.8,3
3,5,5,0.0186,0.00813879597975,0.00334285313661,0.965618235472,4.9541,0.320603321879,SM-runs,0.965618235472,0.97082303083,0.9663572144,est,0.8,5
3,5,5,0.0227,0.0170824471315,0.00354179590519,0.928075314599,4.925,0.584339456138,SM-runs,0.928075314599,0.96417254727,0.932383344754,est,0.8,10
3,5,5,0.0213,0.0136165340671,0.00335650220619,0.94079489676,4.9856,0.679482038026,SM-runs,0.94079489676,0.970381820177,0.944362087574,est,0.8,100
4,5,5,0.0237,0.0113141504321,0.00715988254799,0.993492006581,5.1175,0.0848872781988,SM-runs,0.993492006581,0.989903903928,0.992884471515,10,0.3,3
4,5,5,0.0177,0.0093813645063,0.00554168565929,0.995947076209,5.0406,0.0785445096745,SM-runs,0.995947076209,0.992401732778,0.995351085827,10,0.3,5
4,5,5,0.0181,0.00773886296558,0.00553132603876,0.995074319278,5.0516,0.112527507748,SM-runs,0.995074319278,0.992424046123,0.994629864021,10,0.3,10
4,5,5,0.0171,0.00781600921187,0.00517029409533,0.994952628163,5.0676,0.0697541396621,SM-runs,0.994952628163,0.992860249541,0.994601536141,10,0.3,100
4,5,5,0.0149,0.00768700201639,0.00224458303739,0.954236501518,3.5199,0.0931584134687,SM-runs,0.954236501518,0.981130082871,0.958557450714,10,0.8,3
4,5,5,0.0162,0.0101862652626,0.00244635040094,0.948268119891,3.4883,0.0909121004047,SM-runs,0.948268119891,0.977660214741,0.952972942062,10,0.8,5
4,5,5,0.0225,0.00783900503891,0.00368609704527,0.941688987909,3.5315,0.0864236657404,SM-runs,0.941688987909,0.967824361344,0.945812119696,10,0.8,10
4,5,5,0.0189,0.00604069532422,0.00300589481097,0.945732105561,3.5051,0.140643129942,SM-runs,0.945732105561,0.972679920381,0.950035275689,10,0.8,100
4,5,5,0.0153,0.0102279030109,0.00464357377117,0.995719624558,5.0749,0.0883848968999,SM-runs,0.995719624558,0.993575415394,0.995357109284,-10,0.3,3
4,5,5,0.0163,0.010696261029,0.00498201362266,0.995686558659,5.0398,0.0912828570981,SM-runs,0.995686558659,0.993085612538,0.99524694348,-10,0.3,5
4,5,5,0.0138,0.0079724525712,0.00434313384966,0.996931704419,5.0246,0.0902853254965,SM-runs,0.996931704419,0.994123495635,0.996459470064,-10,0.3,10
4,5,5,0.0217,0.0124422666745,0.00674899044883,0.994837769752,5.0691,0.101152805201,SM-runs,0.994837769752,0.99081586628,0.994159564333,-10,0.3,100
4,5,5,0.0211,0.0108115678789,0.00346289439626,0.94620106562,3.5086,0.0639471656917,SM-runs,0.94620106562,0.969960074308,0.949928809984,-10,0.8,3
4,5,5,0.0231,0.0127706695204,0.00347922005313,0.928653253954,3.5032,0.129312644393,SM-runs,0.928653253954,0.970176321695,0.935268754724,-10,0.8,5
4,5,5,0.0166,0.00966643677888,0.00235026845196,0.941288207013,3.5406,0.108864319224,SM-runs,0.941288207013,0.979569550199,0.947336422176,-10,0.8,10
4,5,5,0.0134,0.00772269383052,0.00188917451837,0.951077416061,3.5313,0.129682728225,SM-runs,0.951077416061,0.982480908402,0.956094615594,-10,0.8,100
4,5,5,0.0166,0.0114647285184,0.00476659036287,0.993713853602,5.0501,0.0673490163254,SM-runs,0.993713853602,0.993228668463,0.99363084213,gt,0.3,3
4,5,5,0.0262,0.0114786758818,0.0083908765796,0.995914687912,5.0819,0.0890521757174,SM-runs,0.995914687912,0.988316831621,0.994634221626,gt,0.3,5
4,5,5,0.0239,0.0125095963164,0.00762506037573,0.995487083643,5.026,0.0610262238714,SM-runs,0.995487083643,0.989664956536,0.994508962792,gt,0.3,10
4,5,5,0.0184,0.00601996677732,0.00584612570368,0.996619531222,5.05,0.104559074212,SM-runs,0.996619531222,0.991907397903,0.995829255554,gt,0.3,100
4,5,5,0.0161,0.00631585306986,0.00234601955044,0.946068701136,3.5592,0.0602989220467,SM-runs,0.946068701136,0.979283119546,0.951400567377,gt,0.8,3
4,5,5,0.0169,0.0111933015683,0.00268663928632,0.952040539085,3.5597,0.140826879537,SM-runs,0.952040539085,0.977182827709,0.955998222896,gt,0.8,5
4,5,5,0.0214,0.0130629246342,0.00382117092479,0.959313478477,3.5749,0.0745753980881,SM-runs,0.959313478477,0.968452279534,0.960807007552,gt,0.8,10
4,5,5,0.0176,0.0105470374987,0.00287922169964,0.952352137257,3.5063,0.10541541633,SM-runs,0.952352137257,0.972709875249,0.955587534598,gt,0.8,100
4,5,5,0.0191,0.00907138357694,0.00603275617458,0.996165596539,4.9522,0.211545172481,SM-runs,0.996165596539,0.991710540789,0.995415141033,est,0.3,3
4,5,5,0.015,0.00702851335632,0.00470051751798,0.996446351992,4.9759,0.0569165178134,SM-runs,0.996446351992,0.993676035801,0.995981301656,est,0.3,5
4,5,5,0.0157,0.00679779375974,0.00476697503428,0.995878642046,4.9945,0.0761554331614,SM-runs,0.995878642046,0.993242093891,0.995435435774,est,0.3,10
4,5,5,0.0211,0.0138956827828,0.00709872020174,0.997387966979,5.0359,0.147972598815,SM-runs,0.997387966979,0.990895399623,0.996295999406,est,0.3,100
4,5,5,0.0243,0.0148798521498,0.00405019359197,0.935198908109,4.0746,0.623485396782,SM-runs,0.935198908109,0.967362110848,0.938288103263,est,0.8,3
4,5,5,0.0239,0.0101336074524,0.00456244601831,0.966639169333,4.3445,0.167318409029,SM-runs,0.966639169333,0.959641021404,0.9654427596,est,0.8,5
4,5,5,0.0283,0.0135133267555,0.00388652289841,0.881151656744,3.9043,0.809058471311,SM-runs,0.881151656744,0.962568168096,0.888593058709,est,0.8,10
4,5,5,0.0181,0.0101828286836,0.0034355528519,0.974215109626,4.3421,0.0896743553085,SM-runs,0.974215109626,0.968583567932,0.973214707512,est,0.8,100
5,5,5,0.0103,0.00544150714417,0.00311342397765,0.996839481192,4.9452,0.0583606031497,SM-runs,0.996839481192,0.995740419153,0.996653480765,10,0.3,3
5,5,5,0.0154,0.00596992462264,0.00484461251328,0.996705184315,4.9437,0.0624196283231,SM-runs,0.996705184315,0.993382631895,0.996148262375,10,0.3,5
5,5,5,0.0086,0.00753923072999,0.00263496148488,0.997415064647,4.8949,0.0841943584808,SM-runs,0.997415064647,0.996531695271,0.9972642565,10,0.3,10
5,5,5,0.0121,0.00671490878568,0.00378547998096,0.9973899169,4.9064,0.0583921227564,SM-runs,0.9973899169,0.994769752827,0.996948821012,10,0.3,100
5,5,5,0.0239,0.00809258920247,0.00436763944568,0.958374938764,3.3015,0.10959402356,SM-runs,0.958374938764,0.963430585225,0.959151807512,10,0.8,3
5,5,5,0.024,0.0117046999107,0.004653905412,0.969726143884,3.1955,0.106264998941,SM-runs,0.969726143884,0.957846074439,0.967620539904,10,0.8,5
5,5,5,0.0244,0.00860464990572,0.00459129723356,0.963745051713,3.2819,0.116328371432,SM-runs,0.963745051713,0.961801285662,0.963338867978,10,0.8,10
5,5,5,0.0228,0.0083402637848,0.00410818658894,0.956233799215,3.1752,0.129314964331,SM-runs,0.956233799215,0.962462948448,0.957207324961,10,0.8,100
5,5,5,0.0131,0.0112556652402,0.00432393924305,0.998585266539,4.8811,0.0794134119655,SM-runs,0.998585266539,0.994130444286,0.997833809658,-10,0.3,3
5,5,5,0.0116,0.00724154679609,0.00346954188945,0.996242523607,4.9004,0.0654907627074,SM-runs,0.996242523607,0.995292107954,0.996080534801,-10,0.3,5
5,5,5,0.0127,0.00635688603013,0.00384921619132,0.996058819808,5.0147,0.0389616478091,SM-runs,0.996058819808,0.99485983554,0.995857075047,-10,0.3,10
5,5,5,0.0164,0.00818779579618,0.0052380888091,0.996617447113,4.9852,0.066493307934,SM-runs,0.996617447113,0.993000196069,0.996007527127,-10,0.3,100
5,5,5,0.0221,0.0157318148985,0.00400039841395,0.959789758183,3.2033,0.125678200178,SM-runs,0.959789758183,0.964222196158,0.960407632624,-10,0.8,3
5,5,5,0.0223,0.010714942837,0.00433873944411,0.972023240676,3.1553,0.0671521406956,SM-runs,0.972023240676,0.962170521214,0.970259302978,-10,0.8,5
5,5,5,0.0197,0.0118494725621,0.00345450648433,0.957370870069,3.2137,0.138036263351,SM-runs,0.957370870069,0.969450645927,0.959272929908,-10,0.8,10
5,5,5,0.0174,0.00728285658241,0.00268059665262,0.947432260107,3.168,0.0805679837156,SM-runs,0.947432260107,0.976148223972,0.952032425169,-10,0.8,100
5,5,5,0.0125,0.00817618492942,0.00396209382994,0.997627995292,4.9059,0.0776381993609,SM-runs,0.997627995292,0.994544227426,0.997109317768,gt,0.3,3
5,5,5,0.013,0.013,0.00417133705489,0.997654377607,4.9173,0.0698785374775,SM-runs,0.997654377607,0.994407979723,0.997103603467,gt,0.3,5
5,5,5,0.0136,0.00881135630876,0.00414395595735,0.996231025567,4.9082,0.086878996311,SM-runs,0.996231025567,0.994312006608,0.995908422423,gt,0.3,10
5,5,5,0.0122,0.00515363949069,0.00376068789371,0.997049243095,4.939,0.0720541463068,SM-runs,0.997049243095,0.994698758884,0.996655493141,gt,0.3,100
5,5,5,0.0195,0.00666708332031,0.00355459128405,0.964781843767,3.215,0.122887753662,SM-runs,0.964781843767,0.96789658413,0.965231195419,gt,0.8,3
5,5,5,0.0204,0.0105470374987,0.00376365493209,0.964865224863,3.2061,0.0903774861345,SM-runs,0.964865224863,0.964834544541,0.964769788153,gt,0.8,5
5,5,5,0.0233,0.0128300428682,0.00419904789942,0.954460662504,3.1994,0.157714425466,SM-runs,0.954460662504,0.95898763491,0.955141496411,gt,0.8,10
5,5,5,0.0204,0.0101014850393,0.00367032693974,0.963158237837,3.2496,0.130827520041,SM-runs,0.963158237837,0.966643382139,0.963677761145,gt,0.8,100
5,5,5,0.028,0.0184607692147,0.00920557109633,0.995357851485,4.7351,0.170368688438,SM-runs,0.995357851485,0.988194948325,0.994146670778,est,0.3,3
5,5,5,0.0307,0.0157610278853,0.0102529048768,0.997130580254,4.6864,0.197059483405,SM-runs,0.997130580254,0.986289588297,0.995296721952,est,0.3,5
5,5,5,0.0394,0.0161195533437,0.0134202833577,0.997891349031,4.6,0.126589889012,SM-runs,0.997891349031,0.982205862484,0.9952344292,est,0.3,10
5,5,5,0.0277,0.0181,0.00920776786889,0.997159000984,4.7042,0.14792146565,SM-runs,0.997159000984,0.987677267193,0.995557536369,est,0.3,100
5,5,5,0.024,0.0107517440446,0.00399947615589,0.940394909932,3.8383,0.437225353794,SM-runs,0.940394909932,0.963572188889,0.942478244038,est,0.8,3
5,5,5,0.0231,0.0129263297188,0.00302330135314,0.902523198849,3.5558,0.869711768346,SM-runs,0.902523198849,0.972890489409,0.910193841623,est,0.8,5
5,5,5,0.0254,0.0158442418563,0.00422176335375,0.9373777464,3.7637,0.471330892261,SM-runs,0.9373777464,0.961393213959,0.938342809877,est,0.8,10
5,5,5,0.0193,0.00823468275042,0.00367611517026,0.972045296739,3.7936,0.496200201532,SM-runs,0.972045296739,0.967896029555,0.971286525988,est,0.8,100
6,5,5,0.0183,0.00660378679244,0.00599142235993,0.998103897831,4.8461,0.0640740977307,SM-runs,0.998103897831,0.991626223954,0.99701704103,10,0.3,3
6,5,5,0.0216,0.00965608616366,0.00714332602179,0.997412756139,4.8202,0.0393263270596,SM-runs,0.997412756139,0.990436888997,0.996240593079,10,0.3,5
6,5,5,0.0123,0.00567538544947,0.00383634966799,0.996977570473,4.7662,0.0355128145885,SM-runs,0.996977570473,0.994847043944,0.996620691915,10,0.3,10
6,5,5,0.0123,0.00814923309275,0.00394320746545,0.99808066759,4.8233,0.0442878087062,SM-runs,0.99808066759,0.994503406553,0.997480280765,10,0.3,100
6,5,5,0.0155,0.0111736296699,0.00277563601412,0.967710849772,3.0891,0.025121504732,SM-runs,0.967710849772,0.975104079944,0.968785006516,10,0.8,3
6,5,5,0.014,0.00752329714952,0.00221165861853,0.957418475599,3.1044,0.0403613676676,SM-runs,0.957418475599,0.9785313295,0.96083564786,10,0.8,5
6,5,5,0.0149,0.0062040309477,0.00277306177578,0.974941602318,3.0703,0.0278856593969,SM-runs,0.974941602318,0.974698051556,0.974860250959,10,0.8,10
6,5,5,0.0193,0.00900055553841,0.00356402462717,0.966289841058,3.0918,0.0664978195131,SM-runs,0.966289841058,0.968354866212,0.96657590834,10,0.8,100
6,5,5,0.0184,0.0083330666624,0.00581751153904,0.996665012643,4.8343,0.0572189653874,SM-runs,0.996665012643,0.991863973486,0.995858100618,-10,0.3,3
6,5,5,0.0129,0.00978212655817,0.004173362626,0.997903929323,4.7987,0.0651828965297,SM-runs,0.997903929323,0.994383127743,0.997312231579,-10,0.3,5
6,5,5,0.0189,0.00890449324779,0.00601773423894,0.996664477141,4.8322,0.0385325836144,SM-runs,0.996664477141,0.991682045968,0.995826729613,-10,0.3,10
6,5,5,0.0239,0.00911537163258,0.00785882866497,0.997811699318,4.8528,0.0518165996569,SM-runs,0.997811699318,0.989011745119,0.99633164904,-10,0.3,100
6,5,5,0.0154,0.009759098319,0.00288784209985,0.975181189774,3.0755,0.0319037615337,SM-runs,0.975181189774,0.974223584181,0.974919245578,-10,0.8,3
6,5,5,0.0216,0.0165239220526,0.00408123425998,0.968193876931,3.0907,0.0545912996731,SM-runs,0.968193876931,0.961491752976,0.966898550663,-10,0.8,5
6,5,5,0.0133,0.00821035931004,0.0022486531085,0.970023133424,3.1285,0.0301172707927,SM-runs,0.970023133424,0.981673137996,0.971927672671,-10,0.8,10
6,5,5,0.0206,0.00960416576283,0.00368784517688,0.960842346271,3.081,0.043997727214,SM-runs,0.960842346271,0.968434562414,0.96204581369,-10,0.8,100
6,5,5,0.0184,0.00973858305915,0.00622672890775,0.999046531808,4.8054,0.0733269391152,SM-runs,0.999046531808,0.991537545313,0.997784687025,gt,0.3,3
6,5,5,0.0139,0.00945991543303,0.0045250850912,0.99780719,4.7969,0.0571951921056,SM-runs,0.99780719,0.993913508338,0.997152400622,gt,0.3,5
6,5,5,0.0198,0.0147837748901,0.00662096364937,0.998103194969,4.8008,0.0502688770513,SM-runs,0.998103194969,0.99117087083,0.996935264464,gt,0.3,10
6,5,5,0.0162,0.0090642153549,0.00538150794762,0.998377064557,4.7899,0.0456803021006,SM-runs,0.998377064557,0.992722138978,0.997428000092,gt,0.3,100
6,5,5,0.0165,0.00841724420461,0.00299986080053,0.970250844442,3.1082,0.0534954203647,SM-runs,0.970250844442,0.972841355308,0.970601745077,gt,0.8,3
6,5,5,0.013,0.007,0.00222209974893,0.96884735898,3.1273,0.0320563566239,SM-runs,0.96884735898,0.979536707312,0.970555582749,gt,0.8,5
6,5,5,0.0216,0.0112178429299,0.00402975195006,0.96658966358,3.0966,0.0431629470727,SM-runs,0.96658966358,0.966199956645,0.966495185199,gt,0.8,10
6,5,5,0.0197,0.00769480344128,0.00356498719268,0.962888333942,3.1017,0.0603722618427,SM-runs,0.962888333942,0.9683633826,0.963705541222,gt,0.8,100
6,5,5,0.0278,0.0106470653234,0.00928565134458,0.998052447864,4.5643,0.162639509345,SM-runs,0.998052447864,0.987247540433,0.996229870697,est,0.3,3
6,5,5,0.038,0.00867179335547,0.0130692204997,0.998754913634,4.4844,0.0805384380281,SM-runs,0.998754913634,0.982669961991,0.996033022952,est,0.3,5
6,5,5,0.0363,0.0135059246259,0.0120991894875,0.996947229723,4.4868,0.0776991634447,SM-runs,0.996947229723,0.983609462768,0.99469143152,est,0.3,10
6,5,5,0.0292,0.0126,0.00984872176128,0.998303983675,4.4669,0.140567741676,SM-runs,0.998303983675,0.986670519698,0.996336749604,est,0.3,100
6,5,5,0.0139,0.006788961629,0.00243724973468,0.969689824665,3.412,0.411062039113,SM-runs,0.969689824665,0.977353894554,0.970887912568,est,0.8,3
6,5,5,0.015,0.0132287565553,0.00212213069761,0.945779823311,3.6352,0.692674064766,SM-runs,0.945779823311,0.980068789887,0.949862585687,est,0.8,5
6,5,5,0.0236,0.0146778745055,0.00368615616827,0.931096393669,3.591,0.496821899678,SM-runs,0.931096393669,0.96644154061,0.934466170762,est,0.8,10
6,5,5,0.0216,0.0185105375395,0.00289876239375,0.914784864732,3.4128,0.675515773317,SM-runs,0.914784864732,0.971461429289,0.920300163504,est,0.8,100
7,5,5,0.043,0.0188997354479,0.0148495980521,0.998815586228,4.4118,0.121828403913,SM-runs,0.998815586228,0.980531609541,0.995709662539,10,0.3,3
7,5,5,0.034,0.0210807969489,0.0113886590956,0.997575625153,4.512,0.185170732029,SM-runs,0.997575625153,0.984586855324,0.995373781791,10,0.3,5
7,5,5,0.0375,0.00920054346221,0.0127747887068,0.997631793923,4.382,0.151544053001,SM-runs,0.997631793923,0.983201446673,0.995194829092,10,0.3,10
7,5,5,0.0413,0.0156016024818,0.01380237771,0.996931389953,4.4779,0.169861384664,SM-runs,0.996931389953,0.981302913044,0.994282447818,10,0.3,100
7,5,5,0.0192,0.0105242576935,0.00355847082479,0.969441777189,3.059,0.0357910603363,SM-runs,0.969441777189,0.96834342773,0.969158464654,10,0.8,3
7,5,5,0.012,0.00867179335547,0.00221789286338,0.979675899451,3.0766,0.0480670365219,SM-runs,0.979675899451,0.979600851773,0.979615452585,10,0.8,5
7,5,5,0.0066,0.00366606055596,0.000895303415455,0.97486986858,3.0725,0.0572018356349,SM-runs,0.97486986858,0.992397174951,0.977686304388,10,0.8,10
7,5,5,0.0134,0.00590254182535,0.00234301872315,0.971627559231,3.0927,0.0475058943711,SM-runs,0.971627559231,0.979546693512,0.972849482293,10,0.8,100
7,5,5,0.0202,0.0123838604643,0.00676379094281,0.998335972475,4.6869,0.133425222503,SM-runs,0.998335972475,0.99087496009,0.997080018079,-10,0.3,3
7,5,5,0.0135,0.0102102889283,0.00439299771633,0.998785697683,4.743,0.0533666562565,SM-runs,0.998785697683,0.993676480116,0.997927439772,-10,0.3,5
7,5,5,0.0192,0.0196763817812,0.00644947266358,0.998326640386,4.6845,0.168457858232,SM-runs,0.998326640386,0.991443663144,0.997160015656,-10,0.3,10
7,5,5,0.0187,0.0161062099825,0.00619492952829,0.998308179938,4.6898,0.0892242119607,SM-runs,0.998308179938,0.991495384031,0.99715939882,-10,0.3,100
7,5,5,0.0159,0.0037,0.00290384455925,0.972613697708,3.081,0.0284885942089,SM-runs,0.972613697708,0.974779077687,0.972917808078,-10,0.8,3
7,5,5,0.0197,0.00798811617342,0.00365296284955,0.966581787187,3.1117,0.0355978931961,SM-runs,0.966581787187,0.96560443338,0.966375101581,-10,0.8,5
7,5,5,0.0131,0.00697782200977,0.00234760478676,0.975378538714,3.1081,0.0444757237153,SM-runs,0.975378538714,0.980099263357,0.976098836145,-10,0.8,10
7,5,5,0.0125,0.00639140047251,0.00222740209481,0.976213150319,3.094,0.0368917334914,SM-runs,0.976213150319,0.980267543314,0.976839410895,-10,0.8,100
7,5,5,0.0278,0.0136146979401,0.00932644740498,0.99807466155,4.5908,0.156309180792,SM-runs,0.99807466155,0.987328718801,0.996260271064,gt,0.3,3
7,5,5,0.0365,0.0198708328965,0.0123306003933,0.997660626664,4.543,0.18452045957,SM-runs,0.997660626664,0.983542547697,0.995267290905,gt,0.3,5
7,5,5,0.0323,0.0221903132019,0.0105691566605,0.996863401492,4.6304,0.138563487254,SM-runs,0.996863401492,0.985283444263,0.9948951526,gt,0.3,10
7,5,5,0.0379,0.0205156038176,0.012836918732,0.99787777194,4.5254,0.174390481392,SM-runs,0.99787777194,0.982865882374,0.995331434064,gt,0.3,100
7,5,5,0.0142,0.00808455317256,0.00233613893101,0.963667891831,3.0915,0.0363792523288,SM-runs,0.963667891831,0.978929788972,0.966155814691,gt,0.8,3
7,5,5,0.0153,0.0047759815745,0.00267410401943,0.967389373013,3.0834,0.0320131223095,SM-runs,0.967389373013,0.976198363779,0.968792049985,gt,0.8,5
7,5,5,0.0126,0.00855803715813,0.00211806259366,0.969790584032,3.1083,0.0432782855483,SM-runs,0.969790584032,0.981259303386,0.971664870586,gt,0.8,10
7,5,5,0.0128,0.00679411510059,0.00210411838361,0.966347780043,3.0567,0.0423887956894,SM-runs,0.966347780043,0.980200199119,0.968588655437,gt,0.8,100
7,5,5,0.0376,0.0189589029218,0.0127694470495,0.99742972024,4.3311,0.0838587502888,SM-runs,0.99742972024,0.983234134657,0.995029335634,est,0.3,3
7,5,5,0.0464,0.0214811545314,0.0163146775182,0.999088193145,4.3523,0.0927534905004,SM-runs,0.999088193145,0.979374994042,0.995733742187,est,0.3,5
7,5,5,0.048,0.0206446118879,0.016400160528,0.998796372469,4.3565,0.108542388033,SM-runs,0.998796372469,0.977921618017,0.995242389958,est,0.3,10
7,5,5,0.0411,0.02454159734,0.0139723153936,0.998561075901,4.3322,0.149146102866,SM-runs,0.998561075901,0.981131991139,0.995597215955,est,0.3,100
7,5,5,0.0146,0.0105943381105,0.00201447070699,0.947376441757,3.2325,0.600710454379,SM-runs,0.947376441757,0.983193518814,0.950926179055,est,0.8,3
7,5,5,0.0176,0.00959374796417,0.00265276808401,0.945408411232,3.3569,0.601642493513,SM-runs,0.945408411232,0.97497977237,0.948118262502,est,0.8,5
7,5,5,0.0147,0.0091,0.00276769714175,0.977093521906,3.4785,0.418031159126,SM-runs,0.977093521906,0.974458008749,0.976581281593,est,0.8,10
7,5,5,0.0192,0.0151115849599,0.00211863143678,0.895964512553,3.1594,0.748760602596,SM-runs,0.895964512553,0.9794820956,0.904268963714,est,0.8,100
8,5,5,0.0394,0.0118422970745,0.0135294742369,0.999090776248,4.3085,0.0456119501885,SM-runs,0.999090776248,0.981892533072,0.996178094929,10,0.3,3
8,5,5,0.047,0.0166853228917,0.0161340959047,0.998811198815,4.3021,0.0445094372016,SM-runs,0.998811198815,0.978478233159,0.995353664386,10,0.3,5
8,5,5,0.0389,0.012485591696,0.0132211757831,0.999041767634,4.3181,0.0359706825067,SM-runs,0.999041767634,0.981900900791,0.996139154201,10,0.3,10
8,5,5,0.0418,0.023081594399,0.0143748055934,0.999290780142,4.2948,0.0536074621671,SM-runs,0.999290780142,0.9808195926,0.996147878945,10,0.3,100
8,5,5,0.0091,0.00631585306986,0.00156114610801,0.979582642993,3.0603,0.0257955422506,SM-runs,0.979582642993,0.986598359571,0.98062761341,10,0.8,3
8,5,5,0.0158,0.0142884568796,0.00299478519881,0.977338581515,3.0708,0.0406246230752,SM-runs,0.977338581515,0.973329751059,0.976546577691,10,0.8,5
8,5,5,0.0088,0.00394461658466,0.00156726980671,0.9827313563,3.0792,0.0410847903731,SM-runs,0.9827313563,0.986785497173,0.983384410546,10,0.8,10
8,5,5,0.0122,0.010117311896,0.00223931590345,0.97883233327,3.0909,0.0436931344721,SM-runs,0.97883233327,0.981416480673,0.979210524438,10,0.8,100
8,5,5,0.0377,0.0195245998679,0.0127084961623,0.998280883003,4.3322,0.0787410947346,SM-runs,0.998280883003,0.982632100576,0.99562476912,-10,0.3,3
8,5,5,0.0395,0.0160452485179,0.0134814531359,0.9988118605,4.3328,0.0668083827076,SM-runs,0.9988118605,0.981814411547,0.995933308469,-10,0.3,5
8,5,5,0.0471,0.0186464473828,0.0161205831442,0.999770114943,4.3275,0.0756323343551,SM-runs,0.999770114943,0.977965730288,0.996058209309,-10,0.3,10
8,5,5,0.038,0.0130076900332,0.0130695850062,0.998858890803,4.3282,0.0945777986633,SM-runs,0.998858890803,0.982676179381,0.996118839997,-10,0.3,100
8,5,5,0.0093,0.00583180932473,0.0016746628942,0.98241947037,3.0895,0.0211624667749,SM-runs,0.98241947037,0.985591478688,0.982910982495,-10,0.8,3
8,5,5,0.0117,0.00752396172239,0.00201146654554,0.97363005752,3.0991,0.0363055092238,SM-runs,0.97363005752,0.982553901058,0.975062989587,-10,0.8,5
8,5,5,0.0105,0.00732461603089,0.00165972962675,0.969144560998,3.0844,0.0217540800771,SM-runs,0.969144560998,0.984056546307,0.971532448442,-10,0.8,10
8,5,5,0.0111,0.00720347138538,0.00211056712311,0.983872382551,3.0592,0.0503245466944,SM-runs,0.983872382551,0.98086576211,0.983309825111,-10,0.8,100
8,5,5,0.0327,0.015646405338,0.0108281468107,0.998260538452,4.3357,0.0839762466415,SM-runs,0.998260538452,0.984573120657,0.995946782941,gt,0.3,3
8,5,5,0.0382,0.0112676528168,0.0130777121246,0.999524397185,4.3084,0.0531228764281,SM-runs,0.999524397185,0.982156768232,0.996582050137,gt,0.3,5
8,5,5,0.043,0.0131453413801,0.0146189049472,0.997669039772,4.3014,0.0265412885897,SM-runs,0.997669039772,0.980614850293,0.994778992461,gt,0.3,10
8,5,5,0.0442,0.0151907866814,0.0150475832452,0.998327642553,4.3169,0.0508398465773,SM-runs,0.998327642553,0.979779347009,0.995182452993,gt,0.3,100
8,5,5,0.0122,0.00802246844805,0.0021086245247,0.974068386402,3.0834,0.042389149555,SM-runs,0.974068386402,0.980941379556,0.975038232367,gt,0.8,3
8,5,5,0.0137,0.00913290753265,0.00255839385742,0.977724957831,3.0972,0.039879317948,SM-runs,0.977724957831,0.977461464129,0.977608494072,gt,0.8,5
8,5,5,0.0159,0.00837197706638,0.00300253639478,0.977561706201,3.0808,0.0322266970073,SM-runs,0.977561706201,0.973652503954,0.976762952101,gt,0.8,10
8,5,5,0.0114,0.00695988505652,0.00200255604872,0.976403702384,3.0876,0.024121359829,SM-runs,0.976403702384,0.982241098172,0.977304215358,gt,0.8,100
8,5,5,0.0462,0.014274452704,0.0158574965212,0.998360829173,4.2339,0.123509068493,SM-runs,0.998360829173,0.979050776084,0.995083111466,est,0.3,3
8,5,5,0.0407,0.0128066389033,0.014220353711,0.998355247166,4.1918,0.143590250365,SM-runs,0.998355247166,0.982010937905,0.995586901401,est,0.3,5
8,5,5,0.0433,0.0128767231857,0.0149508906797,0.998119003362,4.2983,0.0793801612495,SM-runs,0.998119003362,0.9806398054,0.995156955313,est,0.3,10
8,5,5,0.0426,0.0159949992185,0.0146716069238,0.999746192893,4.3033,0.0682686604527,SM-runs,0.999746192893,0.98020586604,0.996426723319,est,0.3,100
8,5,5,0.0219,0.0210449518888,0.00245336523183,0.892617410108,3.0294,0.636220590676,SM-runs,0.892617410108,0.975616533035,0.900297247418,est,0.8,3
8,5,5,0.0096,0.00467332857822,0.00177495716297,0.982326565737,3.3292,0.395519860437,SM-runs,0.982326565737,0.983576195141,0.982498086503,est,0.8,5
8,5,5,0.0175,0.0137640836963,0.00200609800008,0.913648054735,3.1496,0.53713838068,SM-runs,0.913648054735,0.982187682789,0.920157070038,est,0.8,10
8,5,5,0.0179,0.0183545634653,0.00122242896001,0.878848500362,3.013,0.641984579254,SM-runs,0.878848500362,0.987678724684,0.889317021326,est,0.8,100
9,5,5,0.0434,0.0134848062648,0.0147484113601,0.999053216209,4.3152,0.0285229731971,SM-runs,0.999053216209,0.979799604067,0.995784495965,10,0.3,3
9,5,5,0.0411,0.0165496223522,0.0140812722067,0.998566537079,4.2987,0.031244359491,SM-runs,0.998566537079,0.981283814247,0.995636692822,10,0.3,5
9,5,5,0.0351,0.0142158362399,0.0119532041304,0.998584649753,4.2836,0.0301933767572,SM-runs,0.998584649753,0.983927579135,0.996105237976,10,0.3,10
9,5,5,0.0402,0.0110163514831,0.0139454073146,0.999530516432,4.3115,0.0504167630853,SM-runs,0.999530516432,0.981576282232,0.996487972897,10,0.3,100
9,5,5,0.0099,0.00498898787331,0.0018972691106,0.986857060465,3.0848,0.0274983635877,SM-runs,0.986857060465,0.983680652596,0.986288507815,10,0.8,3
9,5,5,0.009,0.00567450438364,0.00166367309013,0.984569734825,3.0823,0.0229392676431,SM-runs,0.984569734825,0.984741982265,0.984552431254,10,0.8,5
9,5,5,0.0055,0.00320156211872,0.000997113552899,0.990014120214,3.0846,0.0302132421299,SM-runs,0.990014120214,0.990768980451,0.990112279287,10,0.8,10
9,5,5,0.0111,0.00700642562224,0.00222729054059,0.989854064316,3.0912,0.0436893579719,SM-runs,0.989854064316,0.98064289631,0.98825995301,10,0.8,100
9,5,5,0.0397,0.00906697303404,0.0133332689854,0.998288842023,4.3221,0.0648389543407,SM-runs,0.998288842023,0.981510047013,0.995450078601,-10,0.3,3
9,5,5,0.025,0.0112782977439,0.00841613655612,0.998823107105,4.3091,0.0463712195225,SM-runs,0.998823107105,0.988405466208,0.997066068991,-10,0.3,5
9,5,5,0.0369,0.00531883445879,0.0126412928983,0.999039191235,4.3049,0.0307423161131,SM-runs,0.999039191235,0.982955281858,0.996320766055,-10,0.3,10
9,5,5,0.0429,0.0132094663026,0.0145549744977,0.999040404616,4.3319,0.0479550831508,SM-runs,0.999040404616,0.979901457036,0.995793862618,-10,0.3,100
9,5,5,0.0058,0.00497594212185,0.000886769047476,0.981413853712,3.0631,0.0425004705856,SM-runs,0.981413853712,0.991670290398,0.98309459293,-10,0.8,3
9,5,5,0.0101,0.00752927619363,0.00189614245251,0.983925226666,3.0649,0.0295176218554,SM-runs,0.983925226666,0.983664465139,0.98380283037,-10,0.8,5
9,5,5,0.0124,0.00628012738724,0.00210941610738,0.970895235417,3.0783,0.0336394114098,SM-runs,0.970895235417,0.980600879481,0.972452140142,-10,0.8,10
9,5,5,0.0139,0.0074087785768,0.00266567501757,0.980390720056,3.0927,0.0351910499985,SM-runs,0.980390720056,0.975980385936,0.979612760359,-10,0.8,100
9,5,5,0.0408,0.0163144108076,0.0140858340075,0.99929894933,4.3048,0.0390481753735,SM-runs,0.99929894933,0.981307229801,0.996248335958,gt,0.3,3
9,5,5,0.0428,0.0175202739705,0.0144640365671,0.999273392143,4.3499,0.0687741957423,SM-runs,0.999273392143,0.979822532704,0.995966007806,gt,0.3,5
9,5,5,0.0353,0.0125463141998,0.0119291752459,0.999282867616,4.3262,0.0564992035342,SM-runs,0.999282867616,0.983346909595,0.99658606159,gt,0.3,10
9,5,5,0.0313,0.0103348923555,0.0109108919278,0.999284024197,4.2939,0.0289739538206,SM-runs,0.999284024197,0.985836753206,0.99701376559,gt,0.3,100
9,5,5,0.0105,0.00624899991999,0.00178466675922,0.975226541115,3.1024,0.0366038249367,SM-runs,0.975226541115,0.984500709873,0.97668568231,gt,0.8,3
9,5,5,0.0062,0.00430813184571,0.000887573897362,0.978485946691,3.0807,0.0165048477727,SM-runs,0.978485946691,0.99183019104,0.980635626558,gt,0.8,5
9,5,5,0.0092,0.00487442304278,0.00156389084051,0.978368300428,3.085,0.0351909079167,SM-runs,0.978368300428,0.986491460846,0.979663448626,gt,0.8,10
9,5,5,0.0088,0.0046,0.00155866644068,0.981978953429,3.0838,0.0574226436173,SM-runs,0.981978953429,0.986143276264,0.982621167317,gt,0.8,100
9,5,5,0.0319,0.0196542616244,0.0107238087799,0.999013825331,4.2831,0.0551805219258,SM-runs,0.999013825331,0.985006345402,0.996639760277,est,0.3,3
9,5,5,0.0378,0.0143861044067,0.0130531897017,0.999275038194,4.2384,0.0540484967414,SM-runs,0.999275038194,0.982672004571,0.996462794195,est,0.3,5
9,5,5,0.0415,0.0168359733903,0.0140196383073,0.998817281603,4.2355,0.124229022374,SM-runs,0.998817281603,0.980655597624,0.995731605191,est,0.3,10
9,5,5,0.0417,0.0183741666478,0.014071488235,0.998306639768,4.207,0.137430709814,SM-runs,0.998306639768,0.980732288123,0.995321832338,est,0.3,100
9,5,5,0.0095,0.00632850693292,0.00155621969135,0.974731128302,3.0633,0.053013300218,SM-runs,0.974731128302,0.985971900901,0.976560740499,est,0.8,3
9,5,5,0.0194,0.0204166598639,0.00178814985842,0.885941276542,3.0242,0.645355529921,SM-runs,0.885941276542,0.982119279017,0.895483761286,est,0.8,5
9,5,5,0.019,0.0191833260933,0.00199949483055,0.897825976023,2.9208,0.553232645458,SM-runs,0.897825976023,0.979345596243,0.905535049697,est,0.8,10
9,5,5,0.0109,0.00607371385562,0.00200448381313,0.980668708759,3.1618,0.261684848625,SM-runs,0.980668708759,0.982227173582,0.980903013657,est,0.8,100
10,5,5,0.0324,0.0148942942095,0.0109848669715,0.999039936303,4.3154,0.0803021792979,SM-runs,0.999039936303,0.984889775288,0.996647769679,10,0.3,3
10,5,5,0.0358,0.00789683480896,0.0122735858774,0.999280626781,4.3016,0.0534119836741,SM-runs,0.999280626781,0.983395267212,0.996595134156,10,0.3,5
10,5,5,0.0348,0.0124,0.0117216775249,0.99809443683,4.3033,0.0575170409531,SM-runs,0.99809443683,0.984042290305,0.995719931024,10,0.3,10
10,5,5,0.0415,0.0145413204352,0.0144020772331,0.998781584062,4.2759,0.0547968064763,SM-runs,0.998781584062,0.98126466702,0.995812496189,10,0.3,100
10,5,5,0.0086,0.00816333265278,0.00167034911643,0.989471854531,3.1018,0.0300659275593,SM-runs,0.989471854531,0.985637319163,0.988755238842,10,0.8,3
10,5,5,0.0087,0.00833126641034,0.00156309888288,0.983206664351,3.0839,0.0449498609564,SM-runs,0.983206664351,0.986549270326,0.983749210001,10,0.8,5
10,5,5,0.0114,0.00460868744872,0.00209639495026,0.980291331239,3.0703,0.0335262583656,SM-runs,0.980291331239,0.979757665483,0.980149754028,10,0.8,10
10,5,5,0.0093,0.00596741149913,0.0016720640401,0.982659232769,3.0812,0.029420401085,SM-runs,0.982659232769,0.985462928322,0.983066389565,10,0.8,100
10,5,5,0.0334,0.0170833252033,0.0115294614168,0.999051420244,4.3052,0.03782274448,SM-runs,0.999051420244,0.984828805125,0.99664394287,-10,0.3,3
10,5,5,0.0358,0.0127342059038,0.0122927560301,0.999273427148,4.3146,0.0371650373335,SM-runs,0.999273427148,0.98345214152,0.99659513649,-10,0.3,5
10,5,5,0.0276,0.0123709336754,0.00939499083242,0.998598510047,4.2822,0.0416600528084,SM-runs,0.998598510047,0.987433052375,0.996713735542,-10,0.3,10
10,5,5,0.0354,0.00867409937688,0.012073400381,0.999048598898,4.292,0.0304236749917,SM-runs,0.999048598898,0.983584716851,0.996435134161,-10,0.3,100
10,5,5,0.0071,0.0033,0.00122258297224,0.983566300699,3.0848,0.033996470405,SM-runs,0.983566300699,0.9888766253,0.984431773304,-10,0.8,3
10,5,5,0.009,0.00534789678285,0.00166155055661,0.984796054918,3.103,0.0370836891369,SM-runs,0.984796054918,0.984609385617,0.98472324951,-10,0.8,5
10,5,5,0.005,0.00376828873628,0.000779940843876,0.984345855722,3.0901,0.0293511498923,SM-runs,0.984345855722,0.993140889308,0.985780627518,-10,0.8,10
10,5,5,0.0077,0.00397617907041,0.00133467383363,0.98296619465,3.0939,0.0326479708405,SM-runs,0.98296619465,0.988067754682,0.983774578326,-10,0.8,100
10,5,5,0.0242,0.00880681554252,0.00828685263143,0.999552071107,4.2916,0.0484751482721,SM-runs,0.999552071107,0.988714835587,0.997726216486,gt,0.3,3
10,5,5,0.031,0.00944457516249,0.0105342094866,0.998789024406,4.3127,0.0374701214303,SM-runs,0.998789024406,0.985667398817,0.996575350876,gt,0.3,5
10,5,5,0.0342,0.0118135515405,0.0117989504289,0.999517484634,4.3078,0.0499455703742,SM-runs,0.999517484634,0.984210401671,0.996929036964,gt,0.3,10
10,5,5,0.0246,0.00818779579618,0.00828381659488,0.998566592821,4.3033,0.0307149800586,SM-runs,0.998566592821,0.988690570981,0.9969054965,gt,0.3,100
10,5,5,0.0068,0.00430813184571,0.00111548836314,0.982878311954,3.0902,0.0204782811779,SM-runs,0.982878311954,0.990279839472,0.984081138404,gt,0.8,3
10,5,5,0.0121,0.00625219961294,0.00233455140015,0.984298962062,3.0848,0.0477635844551,SM-runs,0.984298962062,0.978970185719,0.983385140252,gt,0.8,5
10,5,5,0.015,0.00676756972628,0.00277950170086,0.97522933057,3.1079,0.0276783308745,SM-runs,0.97522933057,0.975105502827,0.975147153649,gt,0.8,10
10,5,5,0.0095,0.00615223536611,0.00166569056152,0.979733021779,3.0835,0.0280935935758,SM-runs,0.979733021779,0.984890228448,0.980508631386,gt,0.8,100
10,5,5,0.0365,0.013720422734,0.0124731343129,0.998805815871,4.2608,0.0264643155967,SM-runs,0.998805815871,0.983245719213,0.99617357281,est,0.3,3
10,5,5,0.0397,0.0139502688146,0.0134855623578,0.999523806824,4.2332,0.178093683212,SM-runs,0.999523806824,0.981302724322,0.996433245843,est,0.3,5
10,5,5,0.037,0.0132664991614,0.0126592652325,1.0,4.2444,0.050575092684,SM-runs,1.0,0.982515754347,0.997037487722,est,0.3,10
10,5,5,0.0291,0.0120120772558,0.0100305383264,0.999770642202,4.2645,0.0756680249511,SM-runs,0.999770642202,0.986438703224,0.997518264889,est,0.3,100
10,5,5,0.0067,0.0042201895692,0.00111626557594,0.983135901823,3.1836,0.279774623581,SM-runs,0.983135901823,0.990314389361,0.98431048231,est,0.8,3
10,5,5,0.011,0.00874070935336,0.00111383354741,0.936679574471,2.9672,0.348584509122,SM-runs,0.936679574471,0.990027900305,0.943431628671,est,0.8,5
10,5,5,0.0206,0.017636326148,0.00268361493031,0.923483452246,3.3147,0.618217122053,SM-runs,0.923483452246,0.977403268416,0.926419059909,est,0.8,10
10,5,5,0.0153,0.0115329961415,0.00211450886044,0.942512033392,3.0571,0.46215894452,SM-runs,0.942512033392,0.980794129904,0.947070707322,est,0.8,100
